[[1;34mINFO[m] Scanning for projects...
[[1;34mINFO[m] 
[[1;34mINFO[m] [1m-----------------< [0;36mcom.examly.springapp:SpringBootEmp[0;1m >-----------------[m
[[1;34mINFO[m] [1mBuilding SpringBootEmp 0.0.1-SNAPSHOT[m
[[1;34mINFO[m] [1m--------------------------------[ jar ]---------------------------------[m
[[1;34mINFO[m] 
[[1;34mINFO[m] [1m>>> [0;32mspring-boot-maven-plugin:2.7.14:run[m [1m(default-cli)[0;1m > [0;1mtest-compile[m @ [36mSpringBootEmp[0;1m >>>[m
[[1;33mWARNING[m] The artifact mysql:mysql-connector-java:jar:8.0.32 has been relocated to com.mysql:mysql-connector-j:jar:8.0.32
[[1;34mINFO[m] 
[[1;34mINFO[m] [1m--- [0;32mmaven-resources-plugin:3.2.0:resources[m [1m(default-resources)[m @ [36mSpringBootEmp[0;1m ---[m
[[1;34mINFO[m] Using 'UTF-8' encoding to copy filtered resources.
[[1;34mINFO[m] Using 'UTF-8' encoding to copy filtered properties files.
[[1;34mINFO[m] Copying 1 resource
[[1;34mINFO[m] Copying 1 resource
[[1;34mINFO[m] 
[[1;34mINFO[m] [1m--- [0;32mmaven-compiler-plugin:3.10.1:compile[m [1m(default-compile)[m @ [36mSpringBootEmp[0;1m ---[m
[[1;34mINFO[m] Nothing to compile - all classes are up to date
[[1;34mINFO[m] 
[[1;34mINFO[m] [1m--- [0;32mmaven-resources-plugin:3.2.0:testResources[m [1m(default-testResources)[m @ [36mSpringBootEmp[0;1m ---[m
[[1;34mINFO[m] Using 'UTF-8' encoding to copy filtered resources.
[[1;34mINFO[m] Using 'UTF-8' encoding to copy filtered properties files.
[[1;34mINFO[m] skip non existing resourceDirectory /home/coder/project/workspace/springapp/src/test/resources
[[1;34mINFO[m] 
[[1;34mINFO[m] [1m--- [0;32mmaven-compiler-plugin:3.10.1:testCompile[m [1m(default-testCompile)[m @ [36mSpringBootEmp[0;1m ---[m
[[1;34mINFO[m] Nothing to compile - all classes are up to date
[[1;34mINFO[m] 
[[1;34mINFO[m] [1m<<< [0;32mspring-boot-maven-plugin:2.7.14:run[m [1m(default-cli)[0;1m < [0;1mtest-compile[m @ [36mSpringBootEmp[0;1m <<<[m
[[1;34mINFO[m] 
[[1;34mINFO[m] 
[[1;34mINFO[m] [1m--- [0;32mspring-boot-maven-plugin:2.7.14:run[m [1m(default-cli)[m @ [36mSpringBootEmp[0;1m ---[m
[[1;34mINFO[m] Attaching agents: []
07:33:16.397 [Thread-0] DEBUG org.springframework.boot.devtools.restart.classloader.RestartClassLoader - Created RestartClassLoader org.springframework.boot.devtools.restart.classloader.RestartClassLoader@24892720

  .   ____          _            __ _ _
 /\\ / ___'_ __ _ _(_)_ __  __ _ \ \ \ \
( ( )\___ | '_ | '_| | '_ \/ _` | \ \ \ \
 \\/  ___)| |_)| | | | | || (_| |  ) ) ) )
  '  |____| .__|_| |_|_| |_\__, | / / / /
 =========|_|==============|___/=/_/_/_/
 :: Spring Boot ::               (v2.7.14)

2025-09-02 07:33:16.602  INFO 23285 --- [  restartedMain] c.examly.springapp.SpringappApplication  : Starting SpringappApplication using Java 17.0.15 on ceaababafbaaefdcabcfbebcacaffdeccdfdba-0 with PID 23285 (/home/coder/project/workspace/springapp/target/classes started by coder in /home/coder/project/workspace/springapp)
2025-09-02 07:33:16.602  INFO 23285 --- [  restartedMain] c.examly.springapp.SpringappApplication  : No active profile set, falling back to 1 default profile: "default"
2025-09-02 07:33:16.631  INFO 23285 --- [  restartedMain] .e.DevToolsPropertyDefaultsPostProcessor : Devtools property defaults active! Set 'spring.devtools.add-properties' to 'false' to disable
2025-09-02 07:33:16.631  INFO 23285 --- [  restartedMain] .e.DevToolsPropertyDefaultsPostProcessor : For additional web related logging consider setting the 'logging.level.web' property to 'DEBUG'
2025-09-02 07:33:17.018  INFO 23285 --- [  restartedMain] .s.d.r.c.RepositoryConfigurationDelegate : Bootstrapping Spring Data JPA repositories in DEFAULT mode.
2025-09-02 07:33:17.054  INFO 23285 --- [  restartedMain] .s.d.r.c.RepositoryConfigurationDelegate : Finished Spring Data repository scanning in 31 ms. Found 4 JPA repository interfaces.
2025-09-02 07:33:17.475  INFO 23285 --- [  restartedMain] o.s.b.w.embedded.tomcat.TomcatWebServer  : Tomcat initialized with port(s): 8080 (http)
2025-09-02 07:33:17.481  INFO 23285 --- [  restartedMain] o.apache.catalina.core.StandardService   : Starting service [Tomcat]
2025-09-02 07:33:17.481  INFO 23285 --- [  restartedMain] org.apache.catalina.core.StandardEngine  : Starting Servlet engine: [Apache Tomcat/9.0.78]
2025-09-02 07:33:17.521  INFO 23285 --- [  restartedMain] o.a.c.c.C.[Tomcat].[localhost].[/]       : Initializing Spring embedded WebApplicationContext
2025-09-02 07:33:17.521  INFO 23285 --- [  restartedMain] w.s.c.ServletWebServerApplicationContext : Root WebApplicationContext: initialization completed in 889 ms
2025-09-02 07:33:17.543  INFO 23285 --- [  restartedMain] com.zaxxer.hikari.HikariDataSource       : HikariPool-1 - Starting...
2025-09-02 07:33:17.656  INFO 23285 --- [  restartedMain] com.zaxxer.hikari.HikariDataSource       : HikariPool-1 - Start completed.
2025-09-02 07:33:17.662  INFO 23285 --- [  restartedMain] o.s.b.a.h2.H2ConsoleAutoConfiguration    : H2 console available at '/h2-console'. Database available at 'jdbc:mysql://localhost:3306/appdb?createDatabaseIfNotExist=true'
2025-09-02 07:33:17.764  INFO 23285 --- [  restartedMain] o.hibernate.jpa.internal.util.LogHelper  : HHH000204: Processing PersistenceUnitInfo [name: default]
2025-09-02 07:33:17.790  INFO 23285 --- [  restartedMain] org.hibernate.Version                    : HHH000412: Hibernate ORM core version 5.6.15.Final
2025-09-02 07:33:17.881  INFO 23285 --- [  restartedMain] o.hibernate.annotations.common.Version   : HCANN000001: Hibernate Commons Annotations {5.1.2.Final}
2025-09-02 07:33:17.935  INFO 23285 --- [  restartedMain] org.hibernate.dialect.Dialect            : HHH000400: Using dialect: org.hibernate.dialect.MySQL8Dialect
Hibernate: create table notifications (id bigint not null auto_increment, channel varchar(255), created_at datetime(6), message varchar(1000), read bit not null, sent bit not null, sent_at datetime(6), title varchar(255) not null, type varchar(255), user_id bigint, primary key (id)) engine=InnoDB
2025-09-02 07:33:18.385  WARN 23285 --- [  restartedMain] o.h.t.s.i.ExceptionHandlerLoggedImpl     : GenerationTarget encountered exception accepting command : Error executing DDL "create table notifications (id bigint not null auto_increment, channel varchar(255), created_at datetime(6), message varchar(1000), read bit not null, sent bit not null, sent_at datetime(6), title varchar(255) not null, type varchar(255), user_id bigint, primary key (id)) engine=InnoDB" via JDBC Statement

org.hibernate.tool.schema.spi.CommandAcceptanceException: Error executing DDL "create table notifications (id bigint not null auto_increment, channel varchar(255), created_at datetime(6), message varchar(1000), read bit not null, sent bit not null, sent_at datetime(6), title varchar(255) not null, type varchar(255), user_id bigint, primary key (id)) engine=InnoDB" via JDBC Statement
	at org.hibernate.tool.schema.internal.exec.GenerationTargetToDatabase.accept(GenerationTargetToDatabase.java:67) ~[hibernate-core-5.6.15.Final.jar:5.6.15.Final]
	at org.hibernate.tool.schema.internal.AbstractSchemaMigrator.applySqlString(AbstractSchemaMigrator.java:581) ~[hibernate-core-5.6.15.Final.jar:5.6.15.Final]
	at org.hibernate.tool.schema.internal.AbstractSchemaMigrator.applySqlStrings(AbstractSchemaMigrator.java:526) ~[hibernate-core-5.6.15.Final.jar:5.6.15.Final]
	at org.hibernate.tool.schema.internal.AbstractSchemaMigrator.createTable(AbstractSchemaMigrator.java:293) ~[hibernate-core-5.6.15.Final.jar:5.6.15.Final]
	at org.hibernate.tool.schema.internal.GroupedSchemaMigratorImpl.performTablesMigration(GroupedSchemaMigratorImpl.java:74) ~[hibernate-core-5.6.15.Final.jar:5.6.15.Final]
	at org.hibernate.tool.schema.internal.AbstractSchemaMigrator.performMigration(AbstractSchemaMigrator.java:220) ~[hibernate-core-5.6.15.Final.jar:5.6.15.Final]
	at org.hibernate.tool.schema.internal.AbstractSchemaMigrator.doMigration(AbstractSchemaMigrator.java:123) ~[hibernate-core-5.6.15.Final.jar:5.6.15.Final]
	at org.hibernate.tool.schema.spi.SchemaManagementToolCoordinator.performDatabaseAction(SchemaManagementToolCoordinator.java:196) ~[hibernate-core-5.6.15.Final.jar:5.6.15.Final]
	at org.hibernate.tool.schema.spi.SchemaManagementToolCoordinator.process(SchemaManagementToolCoordinator.java:85) ~[hibernate-core-5.6.15.Final.jar:5.6.15.Final]
	at org.hibernate.internal.SessionFactoryImpl.<init>(SessionFactoryImpl.java:335) ~[hibernate-core-5.6.15.Final.jar:5.6.15.Final]
	at org.hibernate.boot.internal.SessionFactoryBuilderImpl.build(SessionFactoryBuilderImpl.java:471) ~[hibernate-core-5.6.15.Final.jar:5.6.15.Final]
	at org.hibernate.jpa.boot.internal.EntityManagerFactoryBuilderImpl.build(EntityManagerFactoryBuilderImpl.java:1498) ~[hibernate-core-5.6.15.Final.jar:5.6.15.Final]
	at org.springframework.orm.jpa.vendor.SpringHibernateJpaPersistenceProvider.createContainerEntityManagerFactory(SpringHibernateJpaPersistenceProvider.java:58) ~[spring-orm-5.3.29.jar:5.3.29]
	at org.springframework.orm.jpa.LocalContainerEntityManagerFactoryBean.createNativeEntityManagerFactory(LocalContainerEntityManagerFactoryBean.java:365) ~[spring-orm-5.3.29.jar:5.3.29]
	at org.springframework.orm.jpa.AbstractEntityManagerFactoryBean.buildNativeEntityManagerFactory(AbstractEntityManagerFactoryBean.java:409) ~[spring-orm-5.3.29.jar:5.3.29]
	at org.springframework.orm.jpa.AbstractEntityManagerFactoryBean.afterPropertiesSet(AbstractEntityManagerFactoryBean.java:396) ~[spring-orm-5.3.29.jar:5.3.29]
	at org.springframework.orm.jpa.LocalContainerEntityManagerFactoryBean.afterPropertiesSet(LocalContainerEntityManagerFactoryBean.java:341) ~[spring-orm-5.3.29.jar:5.3.29]
	at org.springframework.beans.factory.support.AbstractAutowireCapableBeanFactory.invokeInitMethods(AbstractAutowireCapableBeanFactory.java:1863) ~[spring-beans-5.3.29.jar:5.3.29]
	at org.springframework.beans.factory.support.AbstractAutowireCapableBeanFactory.initializeBean(AbstractAutowireCapableBeanFactory.java:1800) ~[spring-beans-5.3.29.jar:5.3.29]
	at org.springframework.beans.factory.support.AbstractAutowireCapableBeanFactory.doCreateBean(AbstractAutowireCapableBeanFactory.java:620) ~[spring-beans-5.3.29.jar:5.3.29]
	at org.springframework.beans.factory.support.AbstractAutowireCapableBeanFactory.createBean(AbstractAutowireCapableBeanFactory.java:542) ~[spring-beans-5.3.29.jar:5.3.29]
	at org.springframework.beans.factory.support.AbstractBeanFactory.lambda$doGetBean$0(AbstractBeanFactory.java:335) ~[spring-beans-5.3.29.jar:5.3.29]
	at org.springframework.beans.factory.support.DefaultSingletonBeanRegistry.getSingleton(DefaultSingletonBeanRegistry.java:234) ~[spring-beans-5.3.29.jar:5.3.29]
	at org.springframework.beans.factory.support.AbstractBeanFactory.doGetBean(AbstractBeanFactory.java:333) ~[spring-beans-5.3.29.jar:5.3.29]
	at org.springframework.beans.factory.support.AbstractBeanFactory.getBean(AbstractBeanFactory.java:208) ~[spring-beans-5.3.29.jar:5.3.29]
	at org.springframework.context.support.AbstractApplicationContext.getBean(AbstractApplicationContext.java:1157) ~[spring-context-5.3.29.jar:5.3.29]
	at org.springframework.context.support.AbstractApplicationContext.finishBeanFactoryInitialization(AbstractApplicationContext.java:911) ~[spring-context-5.3.29.jar:5.3.29]
	at org.springframework.context.support.AbstractApplicationContext.refresh(AbstractApplicationContext.java:583) ~[spring-context-5.3.29.jar:5.3.29]
	at org.springframework.boot.web.servlet.context.ServletWebServerApplicationContext.refresh(ServletWebServerApplicationContext.java:147) ~[spring-boot-2.7.14.jar:2.7.14]
	at org.springframework.boot.SpringApplication.refresh(SpringApplication.java:731) ~[spring-boot-2.7.14.jar:2.7.14]
	at org.springframework.boot.SpringApplication.refreshContext(SpringApplication.java:408) ~[spring-boot-2.7.14.jar:2.7.14]
	at org.springframework.boot.SpringApplication.run(SpringApplication.java:307) ~[spring-boot-2.7.14.jar:2.7.14]
	at org.springframework.boot.SpringApplication.run(SpringApplication.java:1303) ~[spring-boot-2.7.14.jar:2.7.14]
	at org.springframework.boot.SpringApplication.run(SpringApplication.java:1292) ~[spring-boot-2.7.14.jar:2.7.14]
	at com.examly.springapp.SpringappApplication.main(SpringappApplication.java:9) ~[classes/:na]
	at java.base/jdk.internal.reflect.NativeMethodAccessorImpl.invoke0(Native Method) ~[na:na]
	at java.base/jdk.internal.reflect.NativeMethodAccessorImpl.invoke(NativeMethodAccessorImpl.java:77) ~[na:na]
	at java.base/jdk.internal.reflect.DelegatingMethodAccessorImpl.invoke(DelegatingMethodAccessorImpl.java:43) ~[na:na]
	at java.base/java.lang.reflect.Method.invoke(Method.java:569) ~[na:na]
	at org.springframework.boot.devtools.restart.RestartLauncher.run(RestartLauncher.java:50) ~[spring-boot-devtools-2.7.14.jar:2.7.14]
Caused by: java.sql.SQLSyntaxErrorException: You have an error in your SQL syntax; check the manual that corresponds to your MySQL server version for the right syntax to use near 'read bit not null, sent bit not null, sent_at datetime(6), title varchar(255) no' at line 1
	at com.mysql.cj.jdbc.exceptions.SQLError.createSQLException(SQLError.java:120) ~[mysql-connector-j-8.0.32.jar:8.0.32]
	at com.mysql.cj.jdbc.exceptions.SQLExceptionsMapping.translateException(SQLExceptionsMapping.java:122) ~[mysql-connector-j-8.0.32.jar:8.0.32]
	at com.mysql.cj.jdbc.StatementImpl.executeInternal(StatementImpl.java:763) ~[mysql-connector-j-8.0.32.jar:8.0.32]
	at com.mysql.cj.jdbc.StatementImpl.execute(StatementImpl.java:648) ~[mysql-connector-j-8.0.32.jar:8.0.32]
	at com.zaxxer.hikari.pool.ProxyStatement.execute(ProxyStatement.java:94) ~[HikariCP-4.0.3.jar:na]
	at com.zaxxer.hikari.pool.HikariProxyStatement.execute(HikariProxyStatement.java) ~[HikariCP-4.0.3.jar:na]
	at org.hibernate.tool.schema.internal.exec.GenerationTargetToDatabase.accept(GenerationTargetToDatabase.java:54) ~[hibernate-core-5.6.15.Final.jar:5.6.15.Final]
	... 39 common frames omitted

Hibernate: alter table notifications add constraint FK9y21adhxn0ayjhfocscqox7bh foreign key (user_id) references users (id)
2025-09-02 07:33:18.402  WARN 23285 --- [  restartedMain] o.h.t.s.i.ExceptionHandlerLoggedImpl     : GenerationTarget encountered exception accepting command : Error executing DDL "alter table notifications add constraint FK9y21adhxn0ayjhfocscqox7bh foreign key (user_id) references users (id)" via JDBC Statement

org.hibernate.tool.schema.spi.CommandAcceptanceException: Error executing DDL "alter table notifications add constraint FK9y21adhxn0ayjhfocscqox7bh foreign key (user_id) references users (id)" via JDBC Statement
	at org.hibernate.tool.schema.internal.exec.GenerationTargetToDatabase.accept(GenerationTargetToDatabase.java:67) ~[hibernate-core-5.6.15.Final.jar:5.6.15.Final]
	at org.hibernate.tool.schema.internal.AbstractSchemaMigrator.applySqlString(AbstractSchemaMigrator.java:581) ~[hibernate-core-5.6.15.Final.jar:5.6.15.Final]
	at org.hibernate.tool.schema.internal.AbstractSchemaMigrator.applySqlStrings(AbstractSchemaMigrator.java:526) ~[hibernate-core-5.6.15.Final.jar:5.6.15.Final]
	at org.hibernate.tool.schema.internal.AbstractSchemaMigrator.applyForeignKeys(AbstractSchemaMigrator.java:452) ~[hibernate-core-5.6.15.Final.jar:5.6.15.Final]
	at org.hibernate.tool.schema.internal.AbstractSchemaMigrator.performMigration(AbstractSchemaMigrator.java:263) ~[hibernate-core-5.6.15.Final.jar:5.6.15.Final]
	at org.hibernate.tool.schema.internal.AbstractSchemaMigrator.doMigration(AbstractSchemaMigrator.java:123) ~[hibernate-core-5.6.15.Final.jar:5.6.15.Final]
	at org.hibernate.tool.schema.spi.SchemaManagementToolCoordinator.performDatabaseAction(SchemaManagementToolCoordinator.java:196) ~[hibernate-core-5.6.15.Final.jar:5.6.15.Final]
	at org.hibernate.tool.schema.spi.SchemaManagementToolCoordinator.process(SchemaManagementToolCoordinator.java:85) ~[hibernate-core-5.6.15.Final.jar:5.6.15.Final]
	at org.hibernate.internal.SessionFactoryImpl.<init>(SessionFactoryImpl.java:335) ~[hibernate-core-5.6.15.Final.jar:5.6.15.Final]
	at org.hibernate.boot.internal.SessionFactoryBuilderImpl.build(SessionFactoryBuilderImpl.java:471) ~[hibernate-core-5.6.15.Final.jar:5.6.15.Final]
	at org.hibernate.jpa.boot.internal.EntityManagerFactoryBuilderImpl.build(EntityManagerFactoryBuilderImpl.java:1498) ~[hibernate-core-5.6.15.Final.jar:5.6.15.Final]
	at org.springframework.orm.jpa.vendor.SpringHibernateJpaPersistenceProvider.createContainerEntityManagerFactory(SpringHibernateJpaPersistenceProvider.java:58) ~[spring-orm-5.3.29.jar:5.3.29]
	at org.springframework.orm.jpa.LocalContainerEntityManagerFactoryBean.createNativeEntityManagerFactory(LocalContainerEntityManagerFactoryBean.java:365) ~[spring-orm-5.3.29.jar:5.3.29]
	at org.springframework.orm.jpa.AbstractEntityManagerFactoryBean.buildNativeEntityManagerFactory(AbstractEntityManagerFactoryBean.java:409) ~[spring-orm-5.3.29.jar:5.3.29]
	at org.springframework.orm.jpa.AbstractEntityManagerFactoryBean.afterPropertiesSet(AbstractEntityManagerFactoryBean.java:396) ~[spring-orm-5.3.29.jar:5.3.29]
	at org.springframework.orm.jpa.LocalContainerEntityManagerFactoryBean.afterPropertiesSet(LocalContainerEntityManagerFactoryBean.java:341) ~[spring-orm-5.3.29.jar:5.3.29]
	at org.springframework.beans.factory.support.AbstractAutowireCapableBeanFactory.invokeInitMethods(AbstractAutowireCapableBeanFactory.java:1863) ~[spring-beans-5.3.29.jar:5.3.29]
	at org.springframework.beans.factory.support.AbstractAutowireCapableBeanFactory.initializeBean(AbstractAutowireCapableBeanFactory.java:1800) ~[spring-beans-5.3.29.jar:5.3.29]
	at org.springframework.beans.factory.support.AbstractAutowireCapableBeanFactory.doCreateBean(AbstractAutowireCapableBeanFactory.java:620) ~[spring-beans-5.3.29.jar:5.3.29]
	at org.springframework.beans.factory.support.AbstractAutowireCapableBeanFactory.createBean(AbstractAutowireCapableBeanFactory.java:542) ~[spring-beans-5.3.29.jar:5.3.29]
	at org.springframework.beans.factory.support.AbstractBeanFactory.lambda$doGetBean$0(AbstractBeanFactory.java:335) ~[spring-beans-5.3.29.jar:5.3.29]
	at org.springframework.beans.factory.support.DefaultSingletonBeanRegistry.getSingleton(DefaultSingletonBeanRegistry.java:234) ~[spring-beans-5.3.29.jar:5.3.29]
	at org.springframework.beans.factory.support.AbstractBeanFactory.doGetBean(AbstractBeanFactory.java:333) ~[spring-beans-5.3.29.jar:5.3.29]
	at org.springframework.beans.factory.support.AbstractBeanFactory.getBean(AbstractBeanFactory.java:208) ~[spring-beans-5.3.29.jar:5.3.29]
	at org.springframework.context.support.AbstractApplicationContext.getBean(AbstractApplicationContext.java:1157) ~[spring-context-5.3.29.jar:5.3.29]
	at org.springframework.context.support.AbstractApplicationContext.finishBeanFactoryInitialization(AbstractApplicationContext.java:911) ~[spring-context-5.3.29.jar:5.3.29]
	at org.springframework.context.support.AbstractApplicationContext.refresh(AbstractApplicationContext.java:583) ~[spring-context-5.3.29.jar:5.3.29]
	at org.springframework.boot.web.servlet.context.ServletWebServerApplicationContext.refresh(ServletWebServerApplicationContext.java:147) ~[spring-boot-2.7.14.jar:2.7.14]
	at org.springframework.boot.SpringApplication.refresh(SpringApplication.java:731) ~[spring-boot-2.7.14.jar:2.7.14]
	at org.springframework.boot.SpringApplication.refreshContext(SpringApplication.java:408) ~[spring-boot-2.7.14.jar:2.7.14]
	at org.springframework.boot.SpringApplication.run(SpringApplication.java:307) ~[spring-boot-2.7.14.jar:2.7.14]
	at org.springframework.boot.SpringApplication.run(SpringApplication.java:1303) ~[spring-boot-2.7.14.jar:2.7.14]
	at org.springframework.boot.SpringApplication.run(SpringApplication.java:1292) ~[spring-boot-2.7.14.jar:2.7.14]
	at com.examly.springapp.SpringappApplication.main(SpringappApplication.java:9) ~[classes/:na]
	at java.base/jdk.internal.reflect.NativeMethodAccessorImpl.invoke0(Native Method) ~[na:na]
	at java.base/jdk.internal.reflect.NativeMethodAccessorImpl.invoke(NativeMethodAccessorImpl.java:77) ~[na:na]
	at java.base/jdk.internal.reflect.DelegatingMethodAccessorImpl.invoke(DelegatingMethodAccessorImpl.java:43) ~[na:na]
	at java.base/java.lang.reflect.Method.invoke(Method.java:569) ~[na:na]
	at org.springframework.boot.devtools.restart.RestartLauncher.run(RestartLauncher.java:50) ~[spring-boot-devtools-2.7.14.jar:2.7.14]
Caused by: java.sql.SQLSyntaxErrorException: Table 'appdb.notifications' doesn't exist
	at com.mysql.cj.jdbc.exceptions.SQLError.createSQLException(SQLError.java:120) ~[mysql-connector-j-8.0.32.jar:8.0.32]
	at com.mysql.cj.jdbc.exceptions.SQLExceptionsMapping.translateException(SQLExceptionsMapping.java:122) ~[mysql-connector-j-8.0.32.jar:8.0.32]
	at com.mysql.cj.jdbc.StatementImpl.executeInternal(StatementImpl.java:763) ~[mysql-connector-j-8.0.32.jar:8.0.32]
	at com.mysql.cj.jdbc.StatementImpl.execute(StatementImpl.java:648) ~[mysql-connector-j-8.0.32.jar:8.0.32]
	at com.zaxxer.hikari.pool.ProxyStatement.execute(ProxyStatement.java:94) ~[HikariCP-4.0.3.jar:na]
	at com.zaxxer.hikari.pool.HikariProxyStatement.execute(HikariProxyStatement.java) ~[HikariCP-4.0.3.jar:na]
	at org.hibernate.tool.schema.internal.exec.GenerationTargetToDatabase.accept(GenerationTargetToDatabase.java:54) ~[hibernate-core-5.6.15.Final.jar:5.6.15.Final]
	... 38 common frames omitted

2025-09-02 07:33:18.402  INFO 23285 --- [  restartedMain] o.h.e.t.j.p.i.JtaPlatformInitiator       : HHH000490: Using JtaPlatform implementation: [org.hibernate.engine.transaction.jta.platform.internal.NoJtaPlatform]
2025-09-02 07:33:18.407  INFO 23285 --- [  restartedMain] j.LocalContainerEntityManagerFactoryBean : Initialized JPA EntityManagerFactory for persistence unit 'default'
2025-09-02 07:33:18.713  WARN 23285 --- [  restartedMain] JpaBaseConfiguration$JpaWebConfiguration : spring.jpa.open-in-view is enabled by default. Therefore, database queries may be performed during view rendering. Explicitly configure spring.jpa.open-in-view to disable this warning
2025-09-02 07:33:18.754  WARN 23285 --- [  restartedMain] .s.s.UserDetailsServiceAutoConfiguration : 

Using generated security password: e12cb335-3899-4df2-9658-78b6683baac3

This generated password is for development use only. Your security configuration must be updated before running your application in production.

2025-09-02 07:33:18.907  INFO 23285 --- [  restartedMain] o.s.s.web.DefaultSecurityFilterChain     : Will secure any request with [org.springframework.security.web.session.DisableEncodeUrlFilter@167b09e7, org.springframework.security.web.context.request.async.WebAsyncManagerIntegrationFilter@1ebf29a1, org.springframework.security.web.context.SecurityContextPersistenceFilter@70bf3857, org.springframework.security.web.header.HeaderWriterFilter@76eebb52, org.springframework.web.filter.CorsFilter@322b64b, org.springframework.security.web.authentication.logout.LogoutFilter@58b18a8b, org.springframework.security.web.savedrequest.RequestCacheAwareFilter@488fae7b, org.springframework.security.web.servletapi.SecurityContextHolderAwareRequestFilter@5ac8b35f, org.springframework.security.web.authentication.AnonymousAuthenticationFilter@2e78a5b2, org.springframework.security.web.session.SessionManagementFilter@32d4432e, org.springframework.security.web.access.ExceptionTranslationFilter@41789236, org.springframework.security.web.access.intercept.FilterSecurityInterceptor@46154e35]
2025-09-02 07:33:19.003  INFO 23285 --- [  restartedMain] o.s.b.d.a.OptionalLiveReloadServer       : LiveReload server is running on port 35729
2025-09-02 07:33:19.025  INFO 23285 --- [  restartedMain] o.s.b.w.embedded.tomcat.TomcatWebServer  : Tomcat started on port(s): 8080 (http) with context path ''
2025-09-02 07:33:19.032  INFO 23285 --- [  restartedMain] c.examly.springapp.SpringappApplication  : Started SpringappApplication in 2.629 seconds (JVM running for 2.879)
2025-09-02 07:33:53.934  INFO 23285 --- [nio-8080-exec-1] o.a.c.c.C.[Tomcat].[localhost].[/]       : Initializing Spring DispatcherServlet 'dispatcherServlet'
2025-09-02 07:33:53.934  INFO 23285 --- [nio-8080-exec-1] o.s.web.servlet.DispatcherServlet        : Initializing Servlet 'dispatcherServlet'
2025-09-02 07:33:53.935  INFO 23285 --- [nio-8080-exec-1] o.s.web.servlet.DispatcherServlet        : Completed initialization in 1 ms
Hibernate: select user0_.id as id1_5_, user0_.created_at as created_2_5_, user0_.email as email3_5_, user0_.enabled as enabled4_5_, user0_.last_login as last_log5_5_, user0_.password as password6_5_, user0_.role as role7_5_, user0_.two_factor_enabled as two_fact8_5_, user0_.two_factor_secret as two_fact9_5_, user0_.username as usernam10_5_ from users user0_ where user0_.username=?
Hibernate: select applicatio0_.id as id1_0_, applicatio0_.review_date as review_d2_0_, applicatio0_.reviewer_id as reviewer6_0_, applicatio0_.reviewer_comments as reviewer3_0_, applicatio0_.status as status4_0_, applicatio0_.submission_date as submissi5_0_, applicatio0_.tutor_id as tutor_id7_0_, applicatio0_.user_id as user_id8_0_ from applications applicatio0_ where applicatio0_.user_id=?
Hibernate: select tutor0_.id as id1_4_0_, tutor0_.experience as experien2_4_0_, tutor0_.name as name3_4_0_, tutor0_.phone_number as phone_nu4_4_0_, tutor0_.qualification as qualific5_4_0_, tutor0_.subject as subject6_4_0_ from tutor tutor0_ where tutor0_.id=?
Hibernate: select tutor0_.id as id1_4_0_, tutor0_.experience as experien2_4_0_, tutor0_.name as name3_4_0_, tutor0_.phone_number as phone_nu4_4_0_, tutor0_.qualification as qualific5_4_0_, tutor0_.subject as subject6_4_0_ from tutor tutor0_ where tutor0_.id=?
Hibernate: select tutor0_.id as id1_4_0_, tutor0_.experience as experien2_4_0_, tutor0_.name as name3_4_0_, tutor0_.phone_number as phone_nu4_4_0_, tutor0_.qualification as qualific5_4_0_, tutor0_.subject as subject6_4_0_ from tutor tutor0_ where tutor0_.id=?
Hibernate: select documents0_.application_id as applicat9_2_0_, documents0_.id as id1_2_0_, documents0_.id as id1_2_1_, documents0_.application_id as applicat9_2_1_, documents0_.document_type as document2_2_1_, documents0_.file_name as file_nam3_2_1_, documents0_.file_path as file_pat4_2_1_, documents0_.file_size as file_siz5_2_1_, documents0_.file_type as file_typ6_2_1_, documents0_.upload_date as upload_d7_2_1_, documents0_.verified as verified8_2_1_ from documents documents0_ where documents0_.application_id=?
Hibernate: select documents0_.application_id as applicat9_2_0_, documents0_.id as id1_2_0_, documents0_.id as id1_2_1_, documents0_.application_id as applicat9_2_1_, documents0_.document_type as document2_2_1_, documents0_.file_name as file_nam3_2_1_, documents0_.file_path as file_pat4_2_1_, documents0_.file_size as file_siz5_2_1_, documents0_.file_type as file_typ6_2_1_, documents0_.upload_date as upload_d7_2_1_, documents0_.verified as verified8_2_1_ from documents documents0_ where documents0_.application_id=?
Hibernate: select documents0_.application_id as applicat9_2_0_, documents0_.id as id1_2_0_, documents0_.id as id1_2_1_, documents0_.application_id as applicat9_2_1_, documents0_.document_type as document2_2_1_, documents0_.file_name as file_nam3_2_1_, documents0_.file_path as file_pat4_2_1_, documents0_.file_size as file_siz5_2_1_, documents0_.file_type as file_typ6_2_1_, documents0_.upload_date as upload_d7_2_1_, documents0_.verified as verified8_2_1_ from documents documents0_ where documents0_.application_id=?
Hibernate: select user0_.id as id1_5_, user0_.created_at as created_2_5_, user0_.email as email3_5_, user0_.enabled as enabled4_5_, user0_.last_login as last_log5_5_, user0_.password as password6_5_, user0_.role as role7_5_, user0_.two_factor_enabled as two_fact8_5_, user0_.two_factor_secret as two_fact9_5_, user0_.username as usernam10_5_ from users user0_ where user0_.username=?
Hibernate: select applicatio0_.id as id1_0_, applicatio0_.review_date as review_d2_0_, applicatio0_.reviewer_id as reviewer6_0_, applicatio0_.reviewer_comments as reviewer3_0_, applicatio0_.status as status4_0_, applicatio0_.submission_date as submissi5_0_, applicatio0_.tutor_id as tutor_id7_0_, applicatio0_.user_id as user_id8_0_ from applications applicatio0_ where applicatio0_.user_id=?
Hibernate: select tutor0_.id as id1_4_0_, tutor0_.experience as experien2_4_0_, tutor0_.name as name3_4_0_, tutor0_.phone_number as phone_nu4_4_0_, tutor0_.qualification as qualific5_4_0_, tutor0_.subject as subject6_4_0_ from tutor tutor0_ where tutor0_.id=?
Hibernate: select tutor0_.id as id1_4_0_, tutor0_.experience as experien2_4_0_, tutor0_.name as name3_4_0_, tutor0_.phone_number as phone_nu4_4_0_, tutor0_.qualification as qualific5_4_0_, tutor0_.subject as subject6_4_0_ from tutor tutor0_ where tutor0_.id=?
Hibernate: select tutor0_.id as id1_4_0_, tutor0_.experience as experien2_4_0_, tutor0_.name as name3_4_0_, tutor0_.phone_number as phone_nu4_4_0_, tutor0_.qualification as qualific5_4_0_, tutor0_.subject as subject6_4_0_ from tutor tutor0_ where tutor0_.id=?
Hibernate: select documents0_.application_id as applicat9_2_0_, documents0_.id as id1_2_0_, documents0_.id as id1_2_1_, documents0_.application_id as applicat9_2_1_, documents0_.document_type as document2_2_1_, documents0_.file_name as file_nam3_2_1_, documents0_.file_path as file_pat4_2_1_, documents0_.file_size as file_siz5_2_1_, documents0_.file_type as file_typ6_2_1_, documents0_.upload_date as upload_d7_2_1_, documents0_.verified as verified8_2_1_ from documents documents0_ where documents0_.application_id=?
Hibernate: select documents0_.application_id as applicat9_2_0_, documents0_.id as id1_2_0_, documents0_.id as id1_2_1_, documents0_.application_id as applicat9_2_1_, documents0_.document_type as document2_2_1_, documents0_.file_name as file_nam3_2_1_, documents0_.file_path as file_pat4_2_1_, documents0_.file_size as file_siz5_2_1_, documents0_.file_type as file_typ6_2_1_, documents0_.upload_date as upload_d7_2_1_, documents0_.verified as verified8_2_1_ from documents documents0_ where documents0_.application_id=?
Hibernate: select documents0_.application_id as applicat9_2_0_, documents0_.id as id1_2_0_, documents0_.id as id1_2_1_, documents0_.application_id as applicat9_2_1_, documents0_.document_type as document2_2_1_, documents0_.file_name as file_nam3_2_1_, documents0_.file_path as file_pat4_2_1_, documents0_.file_size as file_siz5_2_1_, documents0_.file_type as file_typ6_2_1_, documents0_.upload_date as upload_d7_2_1_, documents0_.verified as verified8_2_1_ from documents documents0_ where documents0_.application_id=?
Hibernate: select tutor0_.id as id1_4_, tutor0_.experience as experien2_4_, tutor0_.name as name3_4_, tutor0_.phone_number as phone_nu4_4_, tutor0_.qualification as qualific5_4_, tutor0_.subject as subject6_4_ from tutor tutor0_
Hibernate: select tutor0_.id as id1_4_, tutor0_.experience as experien2_4_, tutor0_.name as name3_4_, tutor0_.phone_number as phone_nu4_4_, tutor0_.qualification as qualific5_4_, tutor0_.subject as subject6_4_ from tutor tutor0_
Hibernate: select user0_.id as id1_5_, user0_.created_at as created_2_5_, user0_.email as email3_5_, user0_.enabled as enabled4_5_, user0_.last_login as last_log5_5_, user0_.password as password6_5_, user0_.role as role7_5_, user0_.two_factor_enabled as two_fact8_5_, user0_.two_factor_secret as two_fact9_5_, user0_.username as usernam10_5_ from users user0_ where user0_.username=?
Hibernate: select user0_.id as id1_5_, user0_.created_at as created_2_5_, user0_.email as email3_5_, user0_.enabled as enabled4_5_, user0_.last_login as last_log5_5_, user0_.password as password6_5_, user0_.role as role7_5_, user0_.two_factor_enabled as two_fact8_5_, user0_.two_factor_secret as two_fact9_5_, user0_.username as usernam10_5_ from users user0_ where user0_.username=?
Hibernate: select notificati0_.id as id1_3_, notificati0_.channel as channel2_3_, notificati0_.created_at as created_3_3_, notificati0_.message as message4_3_, notificati0_.read as read5_3_, notificati0_.sent as sent6_3_, notificati0_.sent_at as sent_at7_3_, notificati0_.title as title8_3_, notificati0_.type as type9_3_, notificati0_.user_id as user_id10_3_ from notifications notificati0_ where notificati0_.user_id=?
Hibernate: select count(notificati0_.id) as col_0_0_ from notifications notificati0_ where notificati0_.user_id=? and notificati0_.read=0
2025-09-02 07:34:21.875  WARN 23285 --- [nio-8080-exec-9] o.h.engine.jdbc.spi.SqlExceptionHelper   : SQL Error: 1146, SQLState: 42S02
2025-09-02 07:34:21.875  WARN 23285 --- [nio-8080-exec-8] o.h.engine.jdbc.spi.SqlExceptionHelper   : SQL Error: 1146, SQLState: 42S02
2025-09-02 07:34:21.875 ERROR 23285 --- [nio-8080-exec-9] o.h.engine.jdbc.spi.SqlExceptionHelper   : Table 'appdb.notifications' doesn't exist
2025-09-02 07:34:21.875 ERROR 23285 --- [nio-8080-exec-8] o.h.engine.jdbc.spi.SqlExceptionHelper   : Table 'appdb.notifications' doesn't exist
2025-09-02 07:34:21.881 ERROR 23285 --- [nio-8080-exec-9] o.a.c.c.C.[.[.[/].[dispatcherServlet]    : Servlet.service() for servlet [dispatcherServlet] in context with path [] threw exception [Request processing failed; nested exception is org.springframework.dao.InvalidDataAccessResourceUsageException: could not extract ResultSet; SQL [n/a]; nested exception is org.hibernate.exception.SQLGrammarException: could not extract ResultSet] with root cause

java.sql.SQLSyntaxErrorException: Table 'appdb.notifications' doesn't exist
	at com.mysql.cj.jdbc.exceptions.SQLError.createSQLException(SQLError.java:120) ~[mysql-connector-j-8.0.32.jar:8.0.32]
	at com.mysql.cj.jdbc.exceptions.SQLExceptionsMapping.translateException(SQLExceptionsMapping.java:122) ~[mysql-connector-j-8.0.32.jar:8.0.32]
	at com.mysql.cj.jdbc.ClientPreparedStatement.executeInternal(ClientPreparedStatement.java:916) ~[mysql-connector-j-8.0.32.jar:8.0.32]
	at com.mysql.cj.jdbc.ClientPreparedStatement.executeQuery(ClientPreparedStatement.java:972) ~[mysql-connector-j-8.0.32.jar:8.0.32]
	at com.zaxxer.hikari.pool.ProxyPreparedStatement.executeQuery(ProxyPreparedStatement.java:52) ~[HikariCP-4.0.3.jar:na]
	at com.zaxxer.hikari.pool.HikariProxyPreparedStatement.executeQuery(HikariProxyPreparedStatement.java) ~[HikariCP-4.0.3.jar:na]
	at org.hibernate.engine.jdbc.internal.ResultSetReturnImpl.extract(ResultSetReturnImpl.java:57) ~[hibernate-core-5.6.15.Final.jar:5.6.15.Final]
	at org.hibernate.loader.Loader.getResultSet(Loader.java:2322) ~[hibernate-core-5.6.15.Final.jar:5.6.15.Final]
	at org.hibernate.loader.Loader.executeQueryStatement(Loader.java:2075) ~[hibernate-core-5.6.15.Final.jar:5.6.15.Final]
	at org.hibernate.loader.Loader.executeQueryStatement(Loader.java:2037) ~[hibernate-core-5.6.15.Final.jar:5.6.15.Final]
	at org.hibernate.loader.Loader.doQuery(Loader.java:956) ~[hibernate-core-5.6.15.Final.jar:5.6.15.Final]
	at org.hibernate.loader.Loader.doQueryAndInitializeNonLazyCollections(Loader.java:357) ~[hibernate-core-5.6.15.Final.jar:5.6.15.Final]
	at org.hibernate.loader.Loader.doList(Loader.java:2868) ~[hibernate-core-5.6.15.Final.jar:5.6.15.Final]
	at org.hibernate.loader.Loader.doList(Loader.java:2850) ~[hibernate-core-5.6.15.Final.jar:5.6.15.Final]
	at org.hibernate.loader.Loader.listIgnoreQueryCache(Loader.java:2682) ~[hibernate-core-5.6.15.Final.jar:5.6.15.Final]
	at org.hibernate.loader.Loader.list(Loader.java:2677) ~[hibernate-core-5.6.15.Final.jar:5.6.15.Final]
	at org.hibernate.loader.hql.QueryLoader.list(QueryLoader.java:540) ~[hibernate-core-5.6.15.Final.jar:5.6.15.Final]
	at org.hibernate.hql.internal.ast.QueryTranslatorImpl.list(QueryTranslatorImpl.java:400) ~[hibernate-core-5.6.15.Final.jar:5.6.15.Final]
	at org.hibernate.engine.query.spi.HQLQueryPlan.performList(HQLQueryPlan.java:218) ~[hibernate-core-5.6.15.Final.jar:5.6.15.Final]
	at org.hibernate.internal.SessionImpl.list(SessionImpl.java:1459) ~[hibernate-core-5.6.15.Final.jar:5.6.15.Final]
	at org.hibernate.query.internal.AbstractProducedQuery.doList(AbstractProducedQuery.java:1649) ~[hibernate-core-5.6.15.Final.jar:5.6.15.Final]
	at org.hibernate.query.internal.AbstractProducedQuery.list(AbstractProducedQuery.java:1617) ~[hibernate-core-5.6.15.Final.jar:5.6.15.Final]
	at org.hibernate.query.internal.AbstractProducedQuery.getSingleResult(AbstractProducedQuery.java:1665) ~[hibernate-core-5.6.15.Final.jar:5.6.15.Final]
	at org.hibernate.query.criteria.internal.compile.CriteriaQueryTypeQueryAdapter.getSingleResult(CriteriaQueryTypeQueryAdapter.java:111) ~[hibernate-core-5.6.15.Final.jar:5.6.15.Final]
	at org.springframework.data.jpa.repository.query.JpaQueryExecution$SingleEntityExecution.doExecute(JpaQueryExecution.java:198) ~[spring-data-jpa-2.7.14.jar:2.7.14]
	at org.springframework.data.jpa.repository.query.JpaQueryExecution.execute(JpaQueryExecution.java:90) ~[spring-data-jpa-2.7.14.jar:2.7.14]
	at org.springframework.data.jpa.repository.query.AbstractJpaQuery.doExecute(AbstractJpaQuery.java:156) ~[spring-data-jpa-2.7.14.jar:2.7.14]
	at org.springframework.data.jpa.repository.query.AbstractJpaQuery.execute(AbstractJpaQuery.java:144) ~[spring-data-jpa-2.7.14.jar:2.7.14]
	at org.springframework.data.repository.core.support.RepositoryMethodInvoker.doInvoke(RepositoryMethodInvoker.java:137) ~[spring-data-commons-2.7.14.jar:2.7.14]
	at org.springframework.data.repository.core.support.RepositoryMethodInvoker.invoke(RepositoryMethodInvoker.java:121) ~[spring-data-commons-2.7.14.jar:2.7.14]
	at org.springframework.data.repository.core.support.QueryExecutorMethodInterceptor.doInvoke(QueryExecutorMethodInterceptor.java:160) ~[spring-data-commons-2.7.14.jar:2.7.14]
	at org.springframework.data.repository.core.support.QueryExecutorMethodInterceptor.invoke(QueryExecutorMethodInterceptor.java:139) ~[spring-data-commons-2.7.14.jar:2.7.14]
	at org.springframework.aop.framework.ReflectiveMethodInvocation.proceed(ReflectiveMethodInvocation.java:186) ~[spring-aop-5.3.29.jar:5.3.29]
	at org.springframework.data.projection.DefaultMethodInvokingMethodInterceptor.invoke(DefaultMethodInvokingMethodInterceptor.java:76) ~[spring-data-commons-2.7.14.jar:2.7.14]
	at org.springframework.aop.framework.ReflectiveMethodInvocation.proceed(ReflectiveMethodInvocation.java:186) ~[spring-aop-5.3.29.jar:5.3.29]
	at org.springframework.transaction.interceptor.TransactionInterceptor$1.proceedWithInvocation(TransactionInterceptor.java:123) ~[spring-tx-5.3.29.jar:5.3.29]
	at org.springframework.transaction.interceptor.TransactionAspectSupport.invokeWithinTransaction(TransactionAspectSupport.java:388) ~[spring-tx-5.3.29.jar:5.3.29]
	at org.springframework.transaction.interceptor.TransactionInterceptor.invoke(TransactionInterceptor.java:119) ~[spring-tx-5.3.29.jar:5.3.29]
	at org.springframework.aop.framework.ReflectiveMethodInvocation.proceed(ReflectiveMethodInvocation.java:186) ~[spring-aop-5.3.29.jar:5.3.29]
	at org.springframework.dao.support.PersistenceExceptionTranslationInterceptor.invoke(PersistenceExceptionTranslationInterceptor.java:137) ~[spring-tx-5.3.29.jar:5.3.29]
	at org.springframework.aop.framework.ReflectiveMethodInvocation.proceed(ReflectiveMethodInvocation.java:186) ~[spring-aop-5.3.29.jar:5.3.29]
	at org.springframework.data.jpa.repository.support.CrudMethodMetadataPostProcessor$CrudMethodMetadataPopulatingMethodInterceptor.invoke(CrudMethodMetadataPostProcessor.java:145) ~[spring-data-jpa-2.7.14.jar:2.7.14]
	at org.springframework.aop.framework.ReflectiveMethodInvocation.proceed(ReflectiveMethodInvocation.java:186) ~[spring-aop-5.3.29.jar:5.3.29]
	at org.springframework.aop.interceptor.ExposeInvocationInterceptor.invoke(ExposeInvocationInterceptor.java:97) ~[spring-aop-5.3.29.jar:5.3.29]
	at org.springframework.aop.framework.ReflectiveMethodInvocation.proceed(ReflectiveMethodInvocation.java:186) ~[spring-aop-5.3.29.jar:5.3.29]
	at org.springframework.aop.framework.JdkDynamicAopProxy.invoke(JdkDynamicAopProxy.java:241) ~[spring-aop-5.3.29.jar:5.3.29]
	at jdk.proxy4/jdk.proxy4.$Proxy122.countByUserAndReadFalse(Unknown Source) ~[na:na]
	at com.examly.springapp.service.NotificationService.getUnreadCount(NotificationService.java:51) ~[classes/:na]
	at com.examly.springapp.controller.NotificationController.getUnreadCount(NotificationController.java:52) ~[classes/:na]
	at java.base/jdk.internal.reflect.NativeMethodAccessorImpl.invoke0(Native Method) ~[na:na]
	at java.base/jdk.internal.reflect.NativeMethodAccessorImpl.invoke(NativeMethodAccessorImpl.java:77) ~[na:na]
	at java.base/jdk.internal.reflect.DelegatingMethodAccessorImpl.invoke(DelegatingMethodAccessorImpl.java:43) ~[na:na]
	at java.base/java.lang.reflect.Method.invoke(Method.java:569) ~[na:na]
	at org.springframework.web.method.support.InvocableHandlerMethod.doInvoke(InvocableHandlerMethod.java:205) ~[spring-web-5.3.29.jar:5.3.29]
	at org.springframework.web.method.support.InvocableHandlerMethod.invokeForRequest(InvocableHandlerMethod.java:150) ~[spring-web-5.3.29.jar:5.3.29]
	at org.springframework.web.servlet.mvc.method.annotation.ServletInvocableHandlerMethod.invokeAndHandle(ServletInvocableHandlerMethod.java:117) ~[spring-webmvc-5.3.29.jar:5.3.29]
	at org.springframework.web.servlet.mvc.method.annotation.RequestMappingHandlerAdapter.invokeHandlerMethod(RequestMappingHandlerAdapter.java:895) ~[spring-webmvc-5.3.29.jar:5.3.29]
	at org.springframework.web.servlet.mvc.method.annotation.RequestMappingHandlerAdapter.handleInternal(RequestMappingHandlerAdapter.java:808) ~[spring-webmvc-5.3.29.jar:5.3.29]
	at org.springframework.web.servlet.mvc.method.AbstractHandlerMethodAdapter.handle(AbstractHandlerMethodAdapter.java:87) ~[spring-webmvc-5.3.29.jar:5.3.29]
	at org.springframework.web.servlet.DispatcherServlet.doDispatch(DispatcherServlet.java:1072) ~[spring-webmvc-5.3.29.jar:5.3.29]
	at org.springframework.web.servlet.DispatcherServlet.doService(DispatcherServlet.java:965) ~[spring-webmvc-5.3.29.jar:5.3.29]
	at org.springframework.web.servlet.FrameworkServlet.processRequest(FrameworkServlet.java:1006) ~[spring-webmvc-5.3.29.jar:5.3.29]
	at org.springframework.web.servlet.FrameworkServlet.doGet(FrameworkServlet.java:898) ~[spring-webmvc-5.3.29.jar:5.3.29]
	at javax.servlet.http.HttpServlet.service(HttpServlet.java:529) ~[tomcat-embed-core-9.0.78.jar:4.0.FR]
	at org.springframework.web.servlet.FrameworkServlet.service(FrameworkServlet.java:883) ~[spring-webmvc-5.3.29.jar:5.3.29]
	at javax.servlet.http.HttpServlet.service(HttpServlet.java:623) ~[tomcat-embed-core-9.0.78.jar:4.0.FR]
	at org.apache.catalina.core.ApplicationFilterChain.internalDoFilter(ApplicationFilterChain.java:209) ~[tomcat-embed-core-9.0.78.jar:9.0.78]
	at org.apache.catalina.core.ApplicationFilterChain.doFilter(ApplicationFilterChain.java:153) ~[tomcat-embed-core-9.0.78.jar:9.0.78]
	at org.apache.tomcat.websocket.server.WsFilter.doFilter(WsFilter.java:51) ~[tomcat-embed-websocket-9.0.78.jar:9.0.78]
	at org.apache.catalina.core.ApplicationFilterChain.internalDoFilter(ApplicationFilterChain.java:178) ~[tomcat-embed-core-9.0.78.jar:9.0.78]
	at org.apache.catalina.core.ApplicationFilterChain.doFilter(ApplicationFilterChain.java:153) ~[tomcat-embed-core-9.0.78.jar:9.0.78]
	at org.springframework.security.web.FilterChainProxy$VirtualFilterChain.doFilter(FilterChainProxy.java:337) ~[spring-security-web-5.7.10.jar:5.7.10]
	at org.springframework.security.web.access.intercept.FilterSecurityInterceptor.invoke(FilterSecurityInterceptor.java:115) ~[spring-security-web-5.7.10.jar:5.7.10]
	at org.springframework.security.web.access.intercept.FilterSecurityInterceptor.doFilter(FilterSecurityInterceptor.java:81) ~[spring-security-web-5.7.10.jar:5.7.10]
	at org.springframework.security.web.FilterChainProxy$VirtualFilterChain.doFilter(FilterChainProxy.java:346) ~[spring-security-web-5.7.10.jar:5.7.10]
	at org.springframework.security.web.access.ExceptionTranslationFilter.doFilter(ExceptionTranslationFilter.java:122) ~[spring-security-web-5.7.10.jar:5.7.10]
	at org.springframework.security.web.access.ExceptionTranslationFilter.doFilter(ExceptionTranslationFilter.java:116) ~[spring-security-web-5.7.10.jar:5.7.10]
	at org.springframework.security.web.FilterChainProxy$VirtualFilterChain.doFilter(FilterChainProxy.java:346) ~[spring-security-web-5.7.10.jar:5.7.10]
	at org.springframework.security.web.session.SessionManagementFilter.doFilter(SessionManagementFilter.java:126) ~[spring-security-web-5.7.10.jar:5.7.10]
	at org.springframework.security.web.session.SessionManagementFilter.doFilter(SessionManagementFilter.java:81) ~[spring-security-web-5.7.10.jar:5.7.10]
	at org.springframework.security.web.FilterChainProxy$VirtualFilterChain.doFilter(FilterChainProxy.java:346) ~[spring-security-web-5.7.10.jar:5.7.10]
	at org.springframework.security.web.authentication.AnonymousAuthenticationFilter.doFilter(AnonymousAuthenticationFilter.java:109) ~[spring-security-web-5.7.10.jar:5.7.10]
	at org.springframework.security.web.FilterChainProxy$VirtualFilterChain.doFilter(FilterChainProxy.java:346) ~[spring-security-web-5.7.10.jar:5.7.10]
	at org.springframework.security.web.servletapi.SecurityContextHolderAwareRequestFilter.doFilter(SecurityContextHolderAwareRequestFilter.java:149) ~[spring-security-web-5.7.10.jar:5.7.10]
	at org.springframework.security.web.FilterChainProxy$VirtualFilterChain.doFilter(FilterChainProxy.java:346) ~[spring-security-web-5.7.10.jar:5.7.10]
	at org.springframework.security.web.savedrequest.RequestCacheAwareFilter.doFilter(RequestCacheAwareFilter.java:63) ~[spring-security-web-5.7.10.jar:5.7.10]
	at org.springframework.security.web.FilterChainProxy$VirtualFilterChain.doFilter(FilterChainProxy.java:346) ~[spring-security-web-5.7.10.jar:5.7.10]
	at org.springframework.security.web.authentication.logout.LogoutFilter.doFilter(LogoutFilter.java:103) ~[spring-security-web-5.7.10.jar:5.7.10]
	at org.springframework.security.web.authentication.logout.LogoutFilter.doFilter(LogoutFilter.java:89) ~[spring-security-web-5.7.10.jar:5.7.10]
	at org.springframework.security.web.FilterChainProxy$VirtualFilterChain.doFilter(FilterChainProxy.java:346) ~[spring-security-web-5.7.10.jar:5.7.10]
	at org.springframework.web.filter.CorsFilter.doFilterInternal(CorsFilter.java:91) ~[spring-web-5.3.29.jar:5.3.29]
	at org.springframework.web.filter.OncePerRequestFilter.doFilter(OncePerRequestFilter.java:117) ~[spring-web-5.3.29.jar:5.3.29]
	at org.springframework.security.web.FilterChainProxy$VirtualFilterChain.doFilter(FilterChainProxy.java:346) ~[spring-security-web-5.7.10.jar:5.7.10]
	at org.springframework.security.web.header.HeaderWriterFilter.doHeadersAfter(HeaderWriterFilter.java:90) ~[spring-security-web-5.7.10.jar:5.7.10]
	at org.springframework.security.web.header.HeaderWriterFilter.doFilterInternal(HeaderWriterFilter.java:75) ~[spring-security-web-5.7.10.jar:5.7.10]
	at org.springframework.web.filter.OncePerRequestFilter.doFilter(OncePerRequestFilter.java:117) ~[spring-web-5.3.29.jar:5.3.29]
	at org.springframework.security.web.FilterChainProxy$VirtualFilterChain.doFilter(FilterChainProxy.java:346) ~[spring-security-web-5.7.10.jar:5.7.10]
	at org.springframework.security.web.context.SecurityContextPersistenceFilter.doFilter(SecurityContextPersistenceFilter.java:112) ~[spring-security-web-5.7.10.jar:5.7.10]
	at org.springframework.security.web.context.SecurityContextPersistenceFilter.doFilter(SecurityContextPersistenceFilter.java:82) ~[spring-security-web-5.7.10.jar:5.7.10]
	at org.springframework.security.web.FilterChainProxy$VirtualFilterChain.doFilter(FilterChainProxy.java:346) ~[spring-security-web-5.7.10.jar:5.7.10]
	at org.springframework.security.web.context.request.async.WebAsyncManagerIntegrationFilter.doFilterInternal(WebAsyncManagerIntegrationFilter.java:55) ~[spring-security-web-5.7.10.jar:5.7.10]
	at org.springframework.web.filter.OncePerRequestFilter.doFilter(OncePerRequestFilter.java:117) ~[spring-web-5.3.29.jar:5.3.29]
	at org.springframework.security.web.FilterChainProxy$VirtualFilterChain.doFilter(FilterChainProxy.java:346) ~[spring-security-web-5.7.10.jar:5.7.10]
	at org.springframework.security.web.session.DisableEncodeUrlFilter.doFilterInternal(DisableEncodeUrlFilter.java:42) ~[spring-security-web-5.7.10.jar:5.7.10]
	at org.springframework.web.filter.OncePerRequestFilter.doFilter(OncePerRequestFilter.java:117) ~[spring-web-5.3.29.jar:5.3.29]
	at org.springframework.security.web.FilterChainProxy$VirtualFilterChain.doFilter(FilterChainProxy.java:346) ~[spring-security-web-5.7.10.jar:5.7.10]
	at org.springframework.security.web.FilterChainProxy.doFilterInternal(FilterChainProxy.java:221) ~[spring-security-web-5.7.10.jar:5.7.10]
	at org.springframework.security.web.FilterChainProxy.doFilter(FilterChainProxy.java:186) ~[spring-security-web-5.7.10.jar:5.7.10]
	at org.springframework.web.filter.DelegatingFilterProxy.invokeDelegate(DelegatingFilterProxy.java:354) ~[spring-web-5.3.29.jar:5.3.29]
	at org.springframework.web.filter.DelegatingFilterProxy.doFilter(DelegatingFilterProxy.java:267) ~[spring-web-5.3.29.jar:5.3.29]
	at org.apache.catalina.core.ApplicationFilterChain.internalDoFilter(ApplicationFilterChain.java:178) ~[tomcat-embed-core-9.0.78.jar:9.0.78]
	at org.apache.catalina.core.ApplicationFilterChain.doFilter(ApplicationFilterChain.java:153) ~[tomcat-embed-core-9.0.78.jar:9.0.78]
	at org.springframework.web.filter.RequestContextFilter.doFilterInternal(RequestContextFilter.java:100) ~[spring-web-5.3.29.jar:5.3.29]
	at org.springframework.web.filter.OncePerRequestFilter.doFilter(OncePerRequestFilter.java:117) ~[spring-web-5.3.29.jar:5.3.29]
	at org.apache.catalina.core.ApplicationFilterChain.internalDoFilter(ApplicationFilterChain.java:178) ~[tomcat-embed-core-9.0.78.jar:9.0.78]
	at org.apache.catalina.core.ApplicationFilterChain.doFilter(ApplicationFilterChain.java:153) ~[tomcat-embed-core-9.0.78.jar:9.0.78]
	at org.springframework.web.filter.FormContentFilter.doFilterInternal(FormContentFilter.java:93) ~[spring-web-5.3.29.jar:5.3.29]
	at org.springframework.web.filter.OncePerRequestFilter.doFilter(OncePerRequestFilter.java:117) ~[spring-web-5.3.29.jar:5.3.29]
	at org.apache.catalina.core.ApplicationFilterChain.internalDoFilter(ApplicationFilterChain.java:178) ~[tomcat-embed-core-9.0.78.jar:9.0.78]
	at org.apache.catalina.core.ApplicationFilterChain.doFilter(ApplicationFilterChain.java:153) ~[tomcat-embed-core-9.0.78.jar:9.0.78]
	at org.springframework.web.filter.CharacterEncodingFilter.doFilterInternal(CharacterEncodingFilter.java:201) ~[spring-web-5.3.29.jar:5.3.29]
	at org.springframework.web.filter.OncePerRequestFilter.doFilter(OncePerRequestFilter.java:117) ~[spring-web-5.3.29.jar:5.3.29]
	at org.apache.catalina.core.ApplicationFilterChain.internalDoFilter(ApplicationFilterChain.java:178) ~[tomcat-embed-core-9.0.78.jar:9.0.78]
	at org.apache.catalina.core.ApplicationFilterChain.doFilter(ApplicationFilterChain.java:153) ~[tomcat-embed-core-9.0.78.jar:9.0.78]
	at org.apache.catalina.core.StandardWrapperValve.invoke(StandardWrapperValve.java:167) ~[tomcat-embed-core-9.0.78.jar:9.0.78]
	at org.apache.catalina.core.StandardContextValve.invoke(StandardContextValve.java:90) ~[tomcat-embed-core-9.0.78.jar:9.0.78]
	at org.apache.catalina.authenticator.AuthenticatorBase.invoke(AuthenticatorBase.java:481) ~[tomcat-embed-core-9.0.78.jar:9.0.78]
	at org.apache.catalina.core.StandardHostValve.invoke(StandardHostValve.java:130) ~[tomcat-embed-core-9.0.78.jar:9.0.78]
	at org.apache.catalina.valves.ErrorReportValve.invoke(ErrorReportValve.java:93) ~[tomcat-embed-core-9.0.78.jar:9.0.78]
	at org.apache.catalina.core.StandardEngineValve.invoke(StandardEngineValve.java:74) ~[tomcat-embed-core-9.0.78.jar:9.0.78]
	at org.apache.catalina.valves.RemoteIpValve.invoke(RemoteIpValve.java:768) ~[tomcat-embed-core-9.0.78.jar:9.0.78]
	at org.apache.catalina.connector.CoyoteAdapter.service(CoyoteAdapter.java:343) ~[tomcat-embed-core-9.0.78.jar:9.0.78]
	at org.apache.coyote.http11.Http11Processor.service(Http11Processor.java:390) ~[tomcat-embed-core-9.0.78.jar:9.0.78]
	at org.apache.coyote.AbstractProcessorLight.process(AbstractProcessorLight.java:63) ~[tomcat-embed-core-9.0.78.jar:9.0.78]
	at org.apache.coyote.AbstractProtocol$ConnectionHandler.process(AbstractProtocol.java:926) ~[tomcat-embed-core-9.0.78.jar:9.0.78]
	at org.apache.tomcat.util.net.NioEndpoint$SocketProcessor.doRun(NioEndpoint.java:1791) ~[tomcat-embed-core-9.0.78.jar:9.0.78]
	at org.apache.tomcat.util.net.SocketProcessorBase.run(SocketProcessorBase.java:52) ~[tomcat-embed-core-9.0.78.jar:9.0.78]
	at org.apache.tomcat.util.threads.ThreadPoolExecutor.runWorker(ThreadPoolExecutor.java:1191) ~[tomcat-embed-core-9.0.78.jar:9.0.78]
	at org.apache.tomcat.util.threads.ThreadPoolExecutor$Worker.run(ThreadPoolExecutor.java:659) ~[tomcat-embed-core-9.0.78.jar:9.0.78]
	at org.apache.tomcat.util.threads.TaskThread$WrappingRunnable.run(TaskThread.java:61) ~[tomcat-embed-core-9.0.78.jar:9.0.78]
	at java.base/java.lang.Thread.run(Thread.java:840) ~[na:na]

2025-09-02 07:34:21.881 ERROR 23285 --- [nio-8080-exec-8] o.a.c.c.C.[.[.[/].[dispatcherServlet]    : Servlet.service() for servlet [dispatcherServlet] in context with path [] threw exception [Request processing failed; nested exception is org.springframework.dao.InvalidDataAccessResourceUsageException: could not extract ResultSet; SQL [n/a]; nested exception is org.hibernate.exception.SQLGrammarException: could not extract ResultSet] with root cause

java.sql.SQLSyntaxErrorException: Table 'appdb.notifications' doesn't exist
	at com.mysql.cj.jdbc.exceptions.SQLError.createSQLException(SQLError.java:120) ~[mysql-connector-j-8.0.32.jar:8.0.32]
	at com.mysql.cj.jdbc.exceptions.SQLExceptionsMapping.translateException(SQLExceptionsMapping.java:122) ~[mysql-connector-j-8.0.32.jar:8.0.32]
	at com.mysql.cj.jdbc.ClientPreparedStatement.executeInternal(ClientPreparedStatement.java:916) ~[mysql-connector-j-8.0.32.jar:8.0.32]
	at com.mysql.cj.jdbc.ClientPreparedStatement.executeQuery(ClientPreparedStatement.java:972) ~[mysql-connector-j-8.0.32.jar:8.0.32]
	at com.zaxxer.hikari.pool.ProxyPreparedStatement.executeQuery(ProxyPreparedStatement.java:52) ~[HikariCP-4.0.3.jar:na]
	at com.zaxxer.hikari.pool.HikariProxyPreparedStatement.executeQuery(HikariProxyPreparedStatement.java) ~[HikariCP-4.0.3.jar:na]
	at org.hibernate.engine.jdbc.internal.ResultSetReturnImpl.extract(ResultSetReturnImpl.java:57) ~[hibernate-core-5.6.15.Final.jar:5.6.15.Final]
	at org.hibernate.loader.Loader.getResultSet(Loader.java:2322) ~[hibernate-core-5.6.15.Final.jar:5.6.15.Final]
	at org.hibernate.loader.Loader.executeQueryStatement(Loader.java:2075) ~[hibernate-core-5.6.15.Final.jar:5.6.15.Final]
	at org.hibernate.loader.Loader.executeQueryStatement(Loader.java:2037) ~[hibernate-core-5.6.15.Final.jar:5.6.15.Final]
	at org.hibernate.loader.Loader.doQuery(Loader.java:956) ~[hibernate-core-5.6.15.Final.jar:5.6.15.Final]
	at org.hibernate.loader.Loader.doQueryAndInitializeNonLazyCollections(Loader.java:357) ~[hibernate-core-5.6.15.Final.jar:5.6.15.Final]
	at org.hibernate.loader.Loader.doList(Loader.java:2868) ~[hibernate-core-5.6.15.Final.jar:5.6.15.Final]
	at org.hibernate.loader.Loader.doList(Loader.java:2850) ~[hibernate-core-5.6.15.Final.jar:5.6.15.Final]
	at org.hibernate.loader.Loader.listIgnoreQueryCache(Loader.java:2682) ~[hibernate-core-5.6.15.Final.jar:5.6.15.Final]
	at org.hibernate.loader.Loader.list(Loader.java:2677) ~[hibernate-core-5.6.15.Final.jar:5.6.15.Final]
	at org.hibernate.loader.hql.QueryLoader.list(QueryLoader.java:540) ~[hibernate-core-5.6.15.Final.jar:5.6.15.Final]
	at org.hibernate.hql.internal.ast.QueryTranslatorImpl.list(QueryTranslatorImpl.java:400) ~[hibernate-core-5.6.15.Final.jar:5.6.15.Final]
	at org.hibernate.engine.query.spi.HQLQueryPlan.performList(HQLQueryPlan.java:218) ~[hibernate-core-5.6.15.Final.jar:5.6.15.Final]
	at org.hibernate.internal.SessionImpl.list(SessionImpl.java:1459) ~[hibernate-core-5.6.15.Final.jar:5.6.15.Final]
	at org.hibernate.query.internal.AbstractProducedQuery.doList(AbstractProducedQuery.java:1649) ~[hibernate-core-5.6.15.Final.jar:5.6.15.Final]
	at org.hibernate.query.internal.AbstractProducedQuery.list(AbstractProducedQuery.java:1617) ~[hibernate-core-5.6.15.Final.jar:5.6.15.Final]
	at org.hibernate.query.Query.getResultList(Query.java:165) ~[hibernate-core-5.6.15.Final.jar:5.6.15.Final]
	at org.hibernate.query.criteria.internal.compile.CriteriaQueryTypeQueryAdapter.getResultList(CriteriaQueryTypeQueryAdapter.java:76) ~[hibernate-core-5.6.15.Final.jar:5.6.15.Final]
	at org.springframework.data.jpa.repository.query.JpaQueryExecution$CollectionExecution.doExecute(JpaQueryExecution.java:128) ~[spring-data-jpa-2.7.14.jar:2.7.14]
	at org.springframework.data.jpa.repository.query.JpaQueryExecution.execute(JpaQueryExecution.java:90) ~[spring-data-jpa-2.7.14.jar:2.7.14]
	at org.springframework.data.jpa.repository.query.AbstractJpaQuery.doExecute(AbstractJpaQuery.java:156) ~[spring-data-jpa-2.7.14.jar:2.7.14]
	at org.springframework.data.jpa.repository.query.AbstractJpaQuery.execute(AbstractJpaQuery.java:144) ~[spring-data-jpa-2.7.14.jar:2.7.14]
	at org.springframework.data.repository.core.support.RepositoryMethodInvoker.doInvoke(RepositoryMethodInvoker.java:137) ~[spring-data-commons-2.7.14.jar:2.7.14]
	at org.springframework.data.repository.core.support.RepositoryMethodInvoker.invoke(RepositoryMethodInvoker.java:121) ~[spring-data-commons-2.7.14.jar:2.7.14]
	at org.springframework.data.repository.core.support.QueryExecutorMethodInterceptor.doInvoke(QueryExecutorMethodInterceptor.java:160) ~[spring-data-commons-2.7.14.jar:2.7.14]
	at org.springframework.data.repository.core.support.QueryExecutorMethodInterceptor.invoke(QueryExecutorMethodInterceptor.java:139) ~[spring-data-commons-2.7.14.jar:2.7.14]
	at org.springframework.aop.framework.ReflectiveMethodInvocation.proceed(ReflectiveMethodInvocation.java:186) ~[spring-aop-5.3.29.jar:5.3.29]
	at org.springframework.data.projection.DefaultMethodInvokingMethodInterceptor.invoke(DefaultMethodInvokingMethodInterceptor.java:76) ~[spring-data-commons-2.7.14.jar:2.7.14]
	at org.springframework.aop.framework.ReflectiveMethodInvocation.proceed(ReflectiveMethodInvocation.java:186) ~[spring-aop-5.3.29.jar:5.3.29]
	at org.springframework.transaction.interceptor.TransactionInterceptor$1.proceedWithInvocation(TransactionInterceptor.java:123) ~[spring-tx-5.3.29.jar:5.3.29]
	at org.springframework.transaction.interceptor.TransactionAspectSupport.invokeWithinTransaction(TransactionAspectSupport.java:388) ~[spring-tx-5.3.29.jar:5.3.29]
	at org.springframework.transaction.interceptor.TransactionInterceptor.invoke(TransactionInterceptor.java:119) ~[spring-tx-5.3.29.jar:5.3.29]
	at org.springframework.aop.framework.ReflectiveMethodInvocation.proceed(ReflectiveMethodInvocation.java:186) ~[spring-aop-5.3.29.jar:5.3.29]
	at org.springframework.dao.support.PersistenceExceptionTranslationInterceptor.invoke(PersistenceExceptionTranslationInterceptor.java:137) ~[spring-tx-5.3.29.jar:5.3.29]
	at org.springframework.aop.framework.ReflectiveMethodInvocation.proceed(ReflectiveMethodInvocation.java:186) ~[spring-aop-5.3.29.jar:5.3.29]
	at org.springframework.data.jpa.repository.support.CrudMethodMetadataPostProcessor$CrudMethodMetadataPopulatingMethodInterceptor.invoke(CrudMethodMetadataPostProcessor.java:145) ~[spring-data-jpa-2.7.14.jar:2.7.14]
	at org.springframework.aop.framework.ReflectiveMethodInvocation.proceed(ReflectiveMethodInvocation.java:186) ~[spring-aop-5.3.29.jar:5.3.29]
	at org.springframework.aop.interceptor.ExposeInvocationInterceptor.invoke(ExposeInvocationInterceptor.java:97) ~[spring-aop-5.3.29.jar:5.3.29]
	at org.springframework.aop.framework.ReflectiveMethodInvocation.proceed(ReflectiveMethodInvocation.java:186) ~[spring-aop-5.3.29.jar:5.3.29]
	at org.springframework.aop.framework.JdkDynamicAopProxy.invoke(JdkDynamicAopProxy.java:241) ~[spring-aop-5.3.29.jar:5.3.29]
	at jdk.proxy4/jdk.proxy4.$Proxy122.findByUser(Unknown Source) ~[na:na]
	at com.examly.springapp.service.NotificationService.getUserNotifications(NotificationService.java:36) ~[classes/:na]
	at com.examly.springapp.controller.NotificationController.getUserNotifications(NotificationController.java:28) ~[classes/:na]
	at java.base/jdk.internal.reflect.NativeMethodAccessorImpl.invoke0(Native Method) ~[na:na]
	at java.base/jdk.internal.reflect.NativeMethodAccessorImpl.invoke(NativeMethodAccessorImpl.java:77) ~[na:na]
	at java.base/jdk.internal.reflect.DelegatingMethodAccessorImpl.invoke(DelegatingMethodAccessorImpl.java:43) ~[na:na]
	at java.base/java.lang.reflect.Method.invoke(Method.java:569) ~[na:na]
	at org.springframework.web.method.support.InvocableHandlerMethod.doInvoke(InvocableHandlerMethod.java:205) ~[spring-web-5.3.29.jar:5.3.29]
	at org.springframework.web.method.support.InvocableHandlerMethod.invokeForRequest(InvocableHandlerMethod.java:150) ~[spring-web-5.3.29.jar:5.3.29]
	at org.springframework.web.servlet.mvc.method.annotation.ServletInvocableHandlerMethod.invokeAndHandle(ServletInvocableHandlerMethod.java:117) ~[spring-webmvc-5.3.29.jar:5.3.29]
	at org.springframework.web.servlet.mvc.method.annotation.RequestMappingHandlerAdapter.invokeHandlerMethod(RequestMappingHandlerAdapter.java:895) ~[spring-webmvc-5.3.29.jar:5.3.29]
	at org.springframework.web.servlet.mvc.method.annotation.RequestMappingHandlerAdapter.handleInternal(RequestMappingHandlerAdapter.java:808) ~[spring-webmvc-5.3.29.jar:5.3.29]
	at org.springframework.web.servlet.mvc.method.AbstractHandlerMethodAdapter.handle(AbstractHandlerMethodAdapter.java:87) ~[spring-webmvc-5.3.29.jar:5.3.29]
	at org.springframework.web.servlet.DispatcherServlet.doDispatch(DispatcherServlet.java:1072) ~[spring-webmvc-5.3.29.jar:5.3.29]
	at org.springframework.web.servlet.DispatcherServlet.doService(DispatcherServlet.java:965) ~[spring-webmvc-5.3.29.jar:5.3.29]
	at org.springframework.web.servlet.FrameworkServlet.processRequest(FrameworkServlet.java:1006) ~[spring-webmvc-5.3.29.jar:5.3.29]
	at org.springframework.web.servlet.FrameworkServlet.doGet(FrameworkServlet.java:898) ~[spring-webmvc-5.3.29.jar:5.3.29]
	at javax.servlet.http.HttpServlet.service(HttpServlet.java:529) ~[tomcat-embed-core-9.0.78.jar:4.0.FR]
	at org.springframework.web.servlet.FrameworkServlet.service(FrameworkServlet.java:883) ~[spring-webmvc-5.3.29.jar:5.3.29]
	at javax.servlet.http.HttpServlet.service(HttpServlet.java:623) ~[tomcat-embed-core-9.0.78.jar:4.0.FR]
	at org.apache.catalina.core.ApplicationFilterChain.internalDoFilter(ApplicationFilterChain.java:209) ~[tomcat-embed-core-9.0.78.jar:9.0.78]
	at org.apache.catalina.core.ApplicationFilterChain.doFilter(ApplicationFilterChain.java:153) ~[tomcat-embed-core-9.0.78.jar:9.0.78]
	at org.apache.tomcat.websocket.server.WsFilter.doFilter(WsFilter.java:51) ~[tomcat-embed-websocket-9.0.78.jar:9.0.78]
	at org.apache.catalina.core.ApplicationFilterChain.internalDoFilter(ApplicationFilterChain.java:178) ~[tomcat-embed-core-9.0.78.jar:9.0.78]
	at org.apache.catalina.core.ApplicationFilterChain.doFilter(ApplicationFilterChain.java:153) ~[tomcat-embed-core-9.0.78.jar:9.0.78]
	at org.springframework.security.web.FilterChainProxy$VirtualFilterChain.doFilter(FilterChainProxy.java:337) ~[spring-security-web-5.7.10.jar:5.7.10]
	at org.springframework.security.web.access.intercept.FilterSecurityInterceptor.invoke(FilterSecurityInterceptor.java:115) ~[spring-security-web-5.7.10.jar:5.7.10]
	at org.springframework.security.web.access.intercept.FilterSecurityInterceptor.doFilter(FilterSecurityInterceptor.java:81) ~[spring-security-web-5.7.10.jar:5.7.10]
	at org.springframework.security.web.FilterChainProxy$VirtualFilterChain.doFilter(FilterChainProxy.java:346) ~[spring-security-web-5.7.10.jar:5.7.10]
	at org.springframework.security.web.access.ExceptionTranslationFilter.doFilter(ExceptionTranslationFilter.java:122) ~[spring-security-web-5.7.10.jar:5.7.10]
	at org.springframework.security.web.access.ExceptionTranslationFilter.doFilter(ExceptionTranslationFilter.java:116) ~[spring-security-web-5.7.10.jar:5.7.10]
	at org.springframework.security.web.FilterChainProxy$VirtualFilterChain.doFilter(FilterChainProxy.java:346) ~[spring-security-web-5.7.10.jar:5.7.10]
	at org.springframework.security.web.session.SessionManagementFilter.doFilter(SessionManagementFilter.java:126) ~[spring-security-web-5.7.10.jar:5.7.10]
	at org.springframework.security.web.session.SessionManagementFilter.doFilter(SessionManagementFilter.java:81) ~[spring-security-web-5.7.10.jar:5.7.10]
	at org.springframework.security.web.FilterChainProxy$VirtualFilterChain.doFilter(FilterChainProxy.java:346) ~[spring-security-web-5.7.10.jar:5.7.10]
	at org.springframework.security.web.authentication.AnonymousAuthenticationFilter.doFilter(AnonymousAuthenticationFilter.java:109) ~[spring-security-web-5.7.10.jar:5.7.10]
	at org.springframework.security.web.FilterChainProxy$VirtualFilterChain.doFilter(FilterChainProxy.java:346) ~[spring-security-web-5.7.10.jar:5.7.10]
	at org.springframework.security.web.servletapi.SecurityContextHolderAwareRequestFilter.doFilter(SecurityContextHolderAwareRequestFilter.java:149) ~[spring-security-web-5.7.10.jar:5.7.10]
	at org.springframework.security.web.FilterChainProxy$VirtualFilterChain.doFilter(FilterChainProxy.java:346) ~[spring-security-web-5.7.10.jar:5.7.10]
	at org.springframework.security.web.savedrequest.RequestCacheAwareFilter.doFilter(RequestCacheAwareFilter.java:63) ~[spring-security-web-5.7.10.jar:5.7.10]
	at org.springframework.security.web.FilterChainProxy$VirtualFilterChain.doFilter(FilterChainProxy.java:346) ~[spring-security-web-5.7.10.jar:5.7.10]
	at org.springframework.security.web.authentication.logout.LogoutFilter.doFilter(LogoutFilter.java:103) ~[spring-security-web-5.7.10.jar:5.7.10]
	at org.springframework.security.web.authentication.logout.LogoutFilter.doFilter(LogoutFilter.java:89) ~[spring-security-web-5.7.10.jar:5.7.10]
	at org.springframework.security.web.FilterChainProxy$VirtualFilterChain.doFilter(FilterChainProxy.java:346) ~[spring-security-web-5.7.10.jar:5.7.10]
	at org.springframework.web.filter.CorsFilter.doFilterInternal(CorsFilter.java:91) ~[spring-web-5.3.29.jar:5.3.29]
	at org.springframework.web.filter.OncePerRequestFilter.doFilter(OncePerRequestFilter.java:117) ~[spring-web-5.3.29.jar:5.3.29]
	at org.springframework.security.web.FilterChainProxy$VirtualFilterChain.doFilter(FilterChainProxy.java:346) ~[spring-security-web-5.7.10.jar:5.7.10]
	at org.springframework.security.web.header.HeaderWriterFilter.doHeadersAfter(HeaderWriterFilter.java:90) ~[spring-security-web-5.7.10.jar:5.7.10]
	at org.springframework.security.web.header.HeaderWriterFilter.doFilterInternal(HeaderWriterFilter.java:75) ~[spring-security-web-5.7.10.jar:5.7.10]
	at org.springframework.web.filter.OncePerRequestFilter.doFilter(OncePerRequestFilter.java:117) ~[spring-web-5.3.29.jar:5.3.29]
	at org.springframework.security.web.FilterChainProxy$VirtualFilterChain.doFilter(FilterChainProxy.java:346) ~[spring-security-web-5.7.10.jar:5.7.10]
	at org.springframework.security.web.context.SecurityContextPersistenceFilter.doFilter(SecurityContextPersistenceFilter.java:112) ~[spring-security-web-5.7.10.jar:5.7.10]
	at org.springframework.security.web.context.SecurityContextPersistenceFilter.doFilter(SecurityContextPersistenceFilter.java:82) ~[spring-security-web-5.7.10.jar:5.7.10]
	at org.springframework.security.web.FilterChainProxy$VirtualFilterChain.doFilter(FilterChainProxy.java:346) ~[spring-security-web-5.7.10.jar:5.7.10]
	at org.springframework.security.web.context.request.async.WebAsyncManagerIntegrationFilter.doFilterInternal(WebAsyncManagerIntegrationFilter.java:55) ~[spring-security-web-5.7.10.jar:5.7.10]
	at org.springframework.web.filter.OncePerRequestFilter.doFilter(OncePerRequestFilter.java:117) ~[spring-web-5.3.29.jar:5.3.29]
	at org.springframework.security.web.FilterChainProxy$VirtualFilterChain.doFilter(FilterChainProxy.java:346) ~[spring-security-web-5.7.10.jar:5.7.10]
	at org.springframework.security.web.session.DisableEncodeUrlFilter.doFilterInternal(DisableEncodeUrlFilter.java:42) ~[spring-security-web-5.7.10.jar:5.7.10]
	at org.springframework.web.filter.OncePerRequestFilter.doFilter(OncePerRequestFilter.java:117) ~[spring-web-5.3.29.jar:5.3.29]
	at org.springframework.security.web.FilterChainProxy$VirtualFilterChain.doFilter(FilterChainProxy.java:346) ~[spring-security-web-5.7.10.jar:5.7.10]
	at org.springframework.security.web.FilterChainProxy.doFilterInternal(FilterChainProxy.java:221) ~[spring-security-web-5.7.10.jar:5.7.10]
	at org.springframework.security.web.FilterChainProxy.doFilter(FilterChainProxy.java:186) ~[spring-security-web-5.7.10.jar:5.7.10]
	at org.springframework.web.filter.DelegatingFilterProxy.invokeDelegate(DelegatingFilterProxy.java:354) ~[spring-web-5.3.29.jar:5.3.29]
	at org.springframework.web.filter.DelegatingFilterProxy.doFilter(DelegatingFilterProxy.java:267) ~[spring-web-5.3.29.jar:5.3.29]
	at org.apache.catalina.core.ApplicationFilterChain.internalDoFilter(ApplicationFilterChain.java:178) ~[tomcat-embed-core-9.0.78.jar:9.0.78]
	at org.apache.catalina.core.ApplicationFilterChain.doFilter(ApplicationFilterChain.java:153) ~[tomcat-embed-core-9.0.78.jar:9.0.78]
	at org.springframework.web.filter.RequestContextFilter.doFilterInternal(RequestContextFilter.java:100) ~[spring-web-5.3.29.jar:5.3.29]
	at org.springframework.web.filter.OncePerRequestFilter.doFilter(OncePerRequestFilter.java:117) ~[spring-web-5.3.29.jar:5.3.29]
	at org.apache.catalina.core.ApplicationFilterChain.internalDoFilter(ApplicationFilterChain.java:178) ~[tomcat-embed-core-9.0.78.jar:9.0.78]
	at org.apache.catalina.core.ApplicationFilterChain.doFilter(ApplicationFilterChain.java:153) ~[tomcat-embed-core-9.0.78.jar:9.0.78]
	at org.springframework.web.filter.FormContentFilter.doFilterInternal(FormContentFilter.java:93) ~[spring-web-5.3.29.jar:5.3.29]
	at org.springframework.web.filter.OncePerRequestFilter.doFilter(OncePerRequestFilter.java:117) ~[spring-web-5.3.29.jar:5.3.29]
	at org.apache.catalina.core.ApplicationFilterChain.internalDoFilter(ApplicationFilterChain.java:178) ~[tomcat-embed-core-9.0.78.jar:9.0.78]
	at org.apache.catalina.core.ApplicationFilterChain.doFilter(ApplicationFilterChain.java:153) ~[tomcat-embed-core-9.0.78.jar:9.0.78]
	at org.springframework.web.filter.CharacterEncodingFilter.doFilterInternal(CharacterEncodingFilter.java:201) ~[spring-web-5.3.29.jar:5.3.29]
	at org.springframework.web.filter.OncePerRequestFilter.doFilter(OncePerRequestFilter.java:117) ~[spring-web-5.3.29.jar:5.3.29]
	at org.apache.catalina.core.ApplicationFilterChain.internalDoFilter(ApplicationFilterChain.java:178) ~[tomcat-embed-core-9.0.78.jar:9.0.78]
	at org.apache.catalina.core.ApplicationFilterChain.doFilter(ApplicationFilterChain.java:153) ~[tomcat-embed-core-9.0.78.jar:9.0.78]
	at org.apache.catalina.core.StandardWrapperValve.invoke(StandardWrapperValve.java:167) ~[tomcat-embed-core-9.0.78.jar:9.0.78]
	at org.apache.catalina.core.StandardContextValve.invoke(StandardContextValve.java:90) ~[tomcat-embed-core-9.0.78.jar:9.0.78]
	at org.apache.catalina.authenticator.AuthenticatorBase.invoke(AuthenticatorBase.java:481) ~[tomcat-embed-core-9.0.78.jar:9.0.78]
	at org.apache.catalina.core.StandardHostValve.invoke(StandardHostValve.java:130) ~[tomcat-embed-core-9.0.78.jar:9.0.78]
	at org.apache.catalina.valves.ErrorReportValve.invoke(ErrorReportValve.java:93) ~[tomcat-embed-core-9.0.78.jar:9.0.78]
	at org.apache.catalina.core.StandardEngineValve.invoke(StandardEngineValve.java:74) ~[tomcat-embed-core-9.0.78.jar:9.0.78]
	at org.apache.catalina.valves.RemoteIpValve.invoke(RemoteIpValve.java:768) ~[tomcat-embed-core-9.0.78.jar:9.0.78]
	at org.apache.catalina.connector.CoyoteAdapter.service(CoyoteAdapter.java:343) ~[tomcat-embed-core-9.0.78.jar:9.0.78]
	at org.apache.coyote.http11.Http11Processor.service(Http11Processor.java:390) ~[tomcat-embed-core-9.0.78.jar:9.0.78]
	at org.apache.coyote.AbstractProcessorLight.process(AbstractProcessorLight.java:63) ~[tomcat-embed-core-9.0.78.jar:9.0.78]
	at org.apache.coyote.AbstractProtocol$ConnectionHandler.process(AbstractProtocol.java:926) ~[tomcat-embed-core-9.0.78.jar:9.0.78]
	at org.apache.tomcat.util.net.NioEndpoint$SocketProcessor.doRun(NioEndpoint.java:1791) ~[tomcat-embed-core-9.0.78.jar:9.0.78]
	at org.apache.tomcat.util.net.SocketProcessorBase.run(SocketProcessorBase.java:52) ~[tomcat-embed-core-9.0.78.jar:9.0.78]
	at org.apache.tomcat.util.threads.ThreadPoolExecutor.runWorker(ThreadPoolExecutor.java:1191) ~[tomcat-embed-core-9.0.78.jar:9.0.78]
	at org.apache.tomcat.util.threads.ThreadPoolExecutor$Worker.run(ThreadPoolExecutor.java:659) ~[tomcat-embed-core-9.0.78.jar:9.0.78]
	at org.apache.tomcat.util.threads.TaskThread$WrappingRunnable.run(TaskThread.java:61) ~[tomcat-embed-core-9.0.78.jar:9.0.78]
	at java.base/java.lang.Thread.run(Thread.java:840) ~[na:na]

Hibernate: select user0_.id as id1_5_, user0_.created_at as created_2_5_, user0_.email as email3_5_, user0_.enabled as enabled4_5_, user0_.last_login as last_log5_5_, user0_.password as password6_5_, user0_.role as role7_5_, user0_.two_factor_enabled as two_fact8_5_, user0_.two_factor_secret as two_fact9_5_, user0_.username as usernam10_5_ from users user0_ where user0_.username=?
Hibernate: select count(notificati0_.id) as col_0_0_ from notifications notificati0_ where notificati0_.user_id=? and notificati0_.read=0
2025-09-02 07:34:22.171  WARN 23285 --- [io-8080-exec-10] o.h.engine.jdbc.spi.SqlExceptionHelper   : SQL Error: 1146, SQLState: 42S02
2025-09-02 07:34:22.171 ERROR 23285 --- [io-8080-exec-10] o.h.engine.jdbc.spi.SqlExceptionHelper   : Table 'appdb.notifications' doesn't exist
2025-09-02 07:34:22.172 ERROR 23285 --- [io-8080-exec-10] o.a.c.c.C.[.[.[/].[dispatcherServlet]    : Servlet.service() for servlet [dispatcherServlet] in context with path [] threw exception [Request processing failed; nested exception is org.springframework.dao.InvalidDataAccessResourceUsageException: could not extract ResultSet; SQL [n/a]; nested exception is org.hibernate.exception.SQLGrammarException: could not extract ResultSet] with root cause

java.sql.SQLSyntaxErrorException: Table 'appdb.notifications' doesn't exist
	at com.mysql.cj.jdbc.exceptions.SQLError.createSQLException(SQLError.java:120) ~[mysql-connector-j-8.0.32.jar:8.0.32]
	at com.mysql.cj.jdbc.exceptions.SQLExceptionsMapping.translateException(SQLExceptionsMapping.java:122) ~[mysql-connector-j-8.0.32.jar:8.0.32]
	at com.mysql.cj.jdbc.ClientPreparedStatement.executeInternal(ClientPreparedStatement.java:916) ~[mysql-connector-j-8.0.32.jar:8.0.32]
	at com.mysql.cj.jdbc.ClientPreparedStatement.executeQuery(ClientPreparedStatement.java:972) ~[mysql-connector-j-8.0.32.jar:8.0.32]
	at com.zaxxer.hikari.pool.ProxyPreparedStatement.executeQuery(ProxyPreparedStatement.java:52) ~[HikariCP-4.0.3.jar:na]
	at com.zaxxer.hikari.pool.HikariProxyPreparedStatement.executeQuery(HikariProxyPreparedStatement.java) ~[HikariCP-4.0.3.jar:na]
	at org.hibernate.engine.jdbc.internal.ResultSetReturnImpl.extract(ResultSetReturnImpl.java:57) ~[hibernate-core-5.6.15.Final.jar:5.6.15.Final]
	at org.hibernate.loader.Loader.getResultSet(Loader.java:2322) ~[hibernate-core-5.6.15.Final.jar:5.6.15.Final]
	at org.hibernate.loader.Loader.executeQueryStatement(Loader.java:2075) ~[hibernate-core-5.6.15.Final.jar:5.6.15.Final]
	at org.hibernate.loader.Loader.executeQueryStatement(Loader.java:2037) ~[hibernate-core-5.6.15.Final.jar:5.6.15.Final]
	at org.hibernate.loader.Loader.doQuery(Loader.java:956) ~[hibernate-core-5.6.15.Final.jar:5.6.15.Final]
	at org.hibernate.loader.Loader.doQueryAndInitializeNonLazyCollections(Loader.java:357) ~[hibernate-core-5.6.15.Final.jar:5.6.15.Final]
	at org.hibernate.loader.Loader.doList(Loader.java:2868) ~[hibernate-core-5.6.15.Final.jar:5.6.15.Final]
	at org.hibernate.loader.Loader.doList(Loader.java:2850) ~[hibernate-core-5.6.15.Final.jar:5.6.15.Final]
	at org.hibernate.loader.Loader.listIgnoreQueryCache(Loader.java:2682) ~[hibernate-core-5.6.15.Final.jar:5.6.15.Final]
	at org.hibernate.loader.Loader.list(Loader.java:2677) ~[hibernate-core-5.6.15.Final.jar:5.6.15.Final]
	at org.hibernate.loader.hql.QueryLoader.list(QueryLoader.java:540) ~[hibernate-core-5.6.15.Final.jar:5.6.15.Final]
	at org.hibernate.hql.internal.ast.QueryTranslatorImpl.list(QueryTranslatorImpl.java:400) ~[hibernate-core-5.6.15.Final.jar:5.6.15.Final]
	at org.hibernate.engine.query.spi.HQLQueryPlan.performList(HQLQueryPlan.java:218) ~[hibernate-core-5.6.15.Final.jar:5.6.15.Final]
	at org.hibernate.internal.SessionImpl.list(SessionImpl.java:1459) ~[hibernate-core-5.6.15.Final.jar:5.6.15.Final]
	at org.hibernate.query.internal.AbstractProducedQuery.doList(AbstractProducedQuery.java:1649) ~[hibernate-core-5.6.15.Final.jar:5.6.15.Final]
	at org.hibernate.query.internal.AbstractProducedQuery.list(AbstractProducedQuery.java:1617) ~[hibernate-core-5.6.15.Final.jar:5.6.15.Final]
	at org.hibernate.query.internal.AbstractProducedQuery.getSingleResult(AbstractProducedQuery.java:1665) ~[hibernate-core-5.6.15.Final.jar:5.6.15.Final]
	at org.hibernate.query.criteria.internal.compile.CriteriaQueryTypeQueryAdapter.getSingleResult(CriteriaQueryTypeQueryAdapter.java:111) ~[hibernate-core-5.6.15.Final.jar:5.6.15.Final]
	at org.springframework.data.jpa.repository.query.JpaQueryExecution$SingleEntityExecution.doExecute(JpaQueryExecution.java:198) ~[spring-data-jpa-2.7.14.jar:2.7.14]
	at org.springframework.data.jpa.repository.query.JpaQueryExecution.execute(JpaQueryExecution.java:90) ~[spring-data-jpa-2.7.14.jar:2.7.14]
	at org.springframework.data.jpa.repository.query.AbstractJpaQuery.doExecute(AbstractJpaQuery.java:156) ~[spring-data-jpa-2.7.14.jar:2.7.14]
	at org.springframework.data.jpa.repository.query.AbstractJpaQuery.execute(AbstractJpaQuery.java:144) ~[spring-data-jpa-2.7.14.jar:2.7.14]
	at org.springframework.data.repository.core.support.RepositoryMethodInvoker.doInvoke(RepositoryMethodInvoker.java:137) ~[spring-data-commons-2.7.14.jar:2.7.14]
	at org.springframework.data.repository.core.support.RepositoryMethodInvoker.invoke(RepositoryMethodInvoker.java:121) ~[spring-data-commons-2.7.14.jar:2.7.14]
	at org.springframework.data.repository.core.support.QueryExecutorMethodInterceptor.doInvoke(QueryExecutorMethodInterceptor.java:160) ~[spring-data-commons-2.7.14.jar:2.7.14]
	at org.springframework.data.repository.core.support.QueryExecutorMethodInterceptor.invoke(QueryExecutorMethodInterceptor.java:139) ~[spring-data-commons-2.7.14.jar:2.7.14]
	at org.springframework.aop.framework.ReflectiveMethodInvocation.proceed(ReflectiveMethodInvocation.java:186) ~[spring-aop-5.3.29.jar:5.3.29]
	at org.springframework.data.projection.DefaultMethodInvokingMethodInterceptor.invoke(DefaultMethodInvokingMethodInterceptor.java:76) ~[spring-data-commons-2.7.14.jar:2.7.14]
	at org.springframework.aop.framework.ReflectiveMethodInvocation.proceed(ReflectiveMethodInvocation.java:186) ~[spring-aop-5.3.29.jar:5.3.29]
	at org.springframework.transaction.interceptor.TransactionInterceptor$1.proceedWithInvocation(TransactionInterceptor.java:123) ~[spring-tx-5.3.29.jar:5.3.29]
	at org.springframework.transaction.interceptor.TransactionAspectSupport.invokeWithinTransaction(TransactionAspectSupport.java:388) ~[spring-tx-5.3.29.jar:5.3.29]
	at org.springframework.transaction.interceptor.TransactionInterceptor.invoke(TransactionInterceptor.java:119) ~[spring-tx-5.3.29.jar:5.3.29]
	at org.springframework.aop.framework.ReflectiveMethodInvocation.proceed(ReflectiveMethodInvocation.java:186) ~[spring-aop-5.3.29.jar:5.3.29]
	at org.springframework.dao.support.PersistenceExceptionTranslationInterceptor.invoke(PersistenceExceptionTranslationInterceptor.java:137) ~[spring-tx-5.3.29.jar:5.3.29]
	at org.springframework.aop.framework.ReflectiveMethodInvocation.proceed(ReflectiveMethodInvocation.java:186) ~[spring-aop-5.3.29.jar:5.3.29]
	at org.springframework.data.jpa.repository.support.CrudMethodMetadataPostProcessor$CrudMethodMetadataPopulatingMethodInterceptor.invoke(CrudMethodMetadataPostProcessor.java:145) ~[spring-data-jpa-2.7.14.jar:2.7.14]
	at org.springframework.aop.framework.ReflectiveMethodInvocation.proceed(ReflectiveMethodInvocation.java:186) ~[spring-aop-5.3.29.jar:5.3.29]
	at org.springframework.aop.interceptor.ExposeInvocationInterceptor.invoke(ExposeInvocationInterceptor.java:97) ~[spring-aop-5.3.29.jar:5.3.29]
	at org.springframework.aop.framework.ReflectiveMethodInvocation.proceed(ReflectiveMethodInvocation.java:186) ~[spring-aop-5.3.29.jar:5.3.29]
	at org.springframework.aop.framework.JdkDynamicAopProxy.invoke(JdkDynamicAopProxy.java:241) ~[spring-aop-5.3.29.jar:5.3.29]
	at jdk.proxy4/jdk.proxy4.$Proxy122.countByUserAndReadFalse(Unknown Source) ~[na:na]
	at com.examly.springapp.service.NotificationService.getUnreadCount(NotificationService.java:51) ~[classes/:na]
	at com.examly.springapp.controller.NotificationController.getUnreadCount(NotificationController.java:52) ~[classes/:na]
	at java.base/jdk.internal.reflect.NativeMethodAccessorImpl.invoke0(Native Method) ~[na:na]
	at java.base/jdk.internal.reflect.NativeMethodAccessorImpl.invoke(NativeMethodAccessorImpl.java:77) ~[na:na]
	at java.base/jdk.internal.reflect.DelegatingMethodAccessorImpl.invoke(DelegatingMethodAccessorImpl.java:43) ~[na:na]
	at java.base/java.lang.reflect.Method.invoke(Method.java:569) ~[na:na]
	at org.springframework.web.method.support.InvocableHandlerMethod.doInvoke(InvocableHandlerMethod.java:205) ~[spring-web-5.3.29.jar:5.3.29]
	at org.springframework.web.method.support.InvocableHandlerMethod.invokeForRequest(InvocableHandlerMethod.java:150) ~[spring-web-5.3.29.jar:5.3.29]
	at org.springframework.web.servlet.mvc.method.annotation.ServletInvocableHandlerMethod.invokeAndHandle(ServletInvocableHandlerMethod.java:117) ~[spring-webmvc-5.3.29.jar:5.3.29]
	at org.springframework.web.servlet.mvc.method.annotation.RequestMappingHandlerAdapter.invokeHandlerMethod(RequestMappingHandlerAdapter.java:895) ~[spring-webmvc-5.3.29.jar:5.3.29]
	at org.springframework.web.servlet.mvc.method.annotation.RequestMappingHandlerAdapter.handleInternal(RequestMappingHandlerAdapter.java:808) ~[spring-webmvc-5.3.29.jar:5.3.29]
	at org.springframework.web.servlet.mvc.method.AbstractHandlerMethodAdapter.handle(AbstractHandlerMethodAdapter.java:87) ~[spring-webmvc-5.3.29.jar:5.3.29]
	at org.springframework.web.servlet.DispatcherServlet.doDispatch(DispatcherServlet.java:1072) ~[spring-webmvc-5.3.29.jar:5.3.29]
	at org.springframework.web.servlet.DispatcherServlet.doService(DispatcherServlet.java:965) ~[spring-webmvc-5.3.29.jar:5.3.29]
	at org.springframework.web.servlet.FrameworkServlet.processRequest(FrameworkServlet.java:1006) ~[spring-webmvc-5.3.29.jar:5.3.29]
	at org.springframework.web.servlet.FrameworkServlet.doGet(FrameworkServlet.java:898) ~[spring-webmvc-5.3.29.jar:5.3.29]
	at javax.servlet.http.HttpServlet.service(HttpServlet.java:529) ~[tomcat-embed-core-9.0.78.jar:4.0.FR]
	at org.springframework.web.servlet.FrameworkServlet.service(FrameworkServlet.java:883) ~[spring-webmvc-5.3.29.jar:5.3.29]
	at javax.servlet.http.HttpServlet.service(HttpServlet.java:623) ~[tomcat-embed-core-9.0.78.jar:4.0.FR]
	at org.apache.catalina.core.ApplicationFilterChain.internalDoFilter(ApplicationFilterChain.java:209) ~[tomcat-embed-core-9.0.78.jar:9.0.78]
	at org.apache.catalina.core.ApplicationFilterChain.doFilter(ApplicationFilterChain.java:153) ~[tomcat-embed-core-9.0.78.jar:9.0.78]
	at org.apache.tomcat.websocket.server.WsFilter.doFilter(WsFilter.java:51) ~[tomcat-embed-websocket-9.0.78.jar:9.0.78]
	at org.apache.catalina.core.ApplicationFilterChain.internalDoFilter(ApplicationFilterChain.java:178) ~[tomcat-embed-core-9.0.78.jar:9.0.78]
	at org.apache.catalina.core.ApplicationFilterChain.doFilter(ApplicationFilterChain.java:153) ~[tomcat-embed-core-9.0.78.jar:9.0.78]
	at org.springframework.security.web.FilterChainProxy$VirtualFilterChain.doFilter(FilterChainProxy.java:337) ~[spring-security-web-5.7.10.jar:5.7.10]
	at org.springframework.security.web.access.intercept.FilterSecurityInterceptor.invoke(FilterSecurityInterceptor.java:115) ~[spring-security-web-5.7.10.jar:5.7.10]
	at org.springframework.security.web.access.intercept.FilterSecurityInterceptor.doFilter(FilterSecurityInterceptor.java:81) ~[spring-security-web-5.7.10.jar:5.7.10]
	at org.springframework.security.web.FilterChainProxy$VirtualFilterChain.doFilter(FilterChainProxy.java:346) ~[spring-security-web-5.7.10.jar:5.7.10]
	at org.springframework.security.web.access.ExceptionTranslationFilter.doFilter(ExceptionTranslationFilter.java:122) ~[spring-security-web-5.7.10.jar:5.7.10]
	at org.springframework.security.web.access.ExceptionTranslationFilter.doFilter(ExceptionTranslationFilter.java:116) ~[spring-security-web-5.7.10.jar:5.7.10]
	at org.springframework.security.web.FilterChainProxy$VirtualFilterChain.doFilter(FilterChainProxy.java:346) ~[spring-security-web-5.7.10.jar:5.7.10]
	at org.springframework.security.web.session.SessionManagementFilter.doFilter(SessionManagementFilter.java:126) ~[spring-security-web-5.7.10.jar:5.7.10]
	at org.springframework.security.web.session.SessionManagementFilter.doFilter(SessionManagementFilter.java:81) ~[spring-security-web-5.7.10.jar:5.7.10]
	at org.springframework.security.web.FilterChainProxy$VirtualFilterChain.doFilter(FilterChainProxy.java:346) ~[spring-security-web-5.7.10.jar:5.7.10]
	at org.springframework.security.web.authentication.AnonymousAuthenticationFilter.doFilter(AnonymousAuthenticationFilter.java:109) ~[spring-security-web-5.7.10.jar:5.7.10]
	at org.springframework.security.web.FilterChainProxy$VirtualFilterChain.doFilter(FilterChainProxy.java:346) ~[spring-security-web-5.7.10.jar:5.7.10]
	at org.springframework.security.web.servletapi.SecurityContextHolderAwareRequestFilter.doFilter(SecurityContextHolderAwareRequestFilter.java:149) ~[spring-security-web-5.7.10.jar:5.7.10]
	at org.springframework.security.web.FilterChainProxy$VirtualFilterChain.doFilter(FilterChainProxy.java:346) ~[spring-security-web-5.7.10.jar:5.7.10]
	at org.springframework.security.web.savedrequest.RequestCacheAwareFilter.doFilter(RequestCacheAwareFilter.java:63) ~[spring-security-web-5.7.10.jar:5.7.10]
	at org.springframework.security.web.FilterChainProxy$VirtualFilterChain.doFilter(FilterChainProxy.java:346) ~[spring-security-web-5.7.10.jar:5.7.10]
	at org.springframework.security.web.authentication.logout.LogoutFilter.doFilter(LogoutFilter.java:103) ~[spring-security-web-5.7.10.jar:5.7.10]
	at org.springframework.security.web.authentication.logout.LogoutFilter.doFilter(LogoutFilter.java:89) ~[spring-security-web-5.7.10.jar:5.7.10]
	at org.springframework.security.web.FilterChainProxy$VirtualFilterChain.doFilter(FilterChainProxy.java:346) ~[spring-security-web-5.7.10.jar:5.7.10]
	at org.springframework.web.filter.CorsFilter.doFilterInternal(CorsFilter.java:91) ~[spring-web-5.3.29.jar:5.3.29]
	at org.springframework.web.filter.OncePerRequestFilter.doFilter(OncePerRequestFilter.java:117) ~[spring-web-5.3.29.jar:5.3.29]
	at org.springframework.security.web.FilterChainProxy$VirtualFilterChain.doFilter(FilterChainProxy.java:346) ~[spring-security-web-5.7.10.jar:5.7.10]
	at org.springframework.security.web.header.HeaderWriterFilter.doHeadersAfter(HeaderWriterFilter.java:90) ~[spring-security-web-5.7.10.jar:5.7.10]
	at org.springframework.security.web.header.HeaderWriterFilter.doFilterInternal(HeaderWriterFilter.java:75) ~[spring-security-web-5.7.10.jar:5.7.10]
	at org.springframework.web.filter.OncePerRequestFilter.doFilter(OncePerRequestFilter.java:117) ~[spring-web-5.3.29.jar:5.3.29]
	at org.springframework.security.web.FilterChainProxy$VirtualFilterChain.doFilter(FilterChainProxy.java:346) ~[spring-security-web-5.7.10.jar:5.7.10]
	at org.springframework.security.web.context.SecurityContextPersistenceFilter.doFilter(SecurityContextPersistenceFilter.java:112) ~[spring-security-web-5.7.10.jar:5.7.10]
	at org.springframework.security.web.context.SecurityContextPersistenceFilter.doFilter(SecurityContextPersistenceFilter.java:82) ~[spring-security-web-5.7.10.jar:5.7.10]
	at org.springframework.security.web.FilterChainProxy$VirtualFilterChain.doFilter(FilterChainProxy.java:346) ~[spring-security-web-5.7.10.jar:5.7.10]
	at org.springframework.security.web.context.request.async.WebAsyncManagerIntegrationFilter.doFilterInternal(WebAsyncManagerIntegrationFilter.java:55) ~[spring-security-web-5.7.10.jar:5.7.10]
	at org.springframework.web.filter.OncePerRequestFilter.doFilter(OncePerRequestFilter.java:117) ~[spring-web-5.3.29.jar:5.3.29]
	at org.springframework.security.web.FilterChainProxy$VirtualFilterChain.doFilter(FilterChainProxy.java:346) ~[spring-security-web-5.7.10.jar:5.7.10]
	at org.springframework.security.web.session.DisableEncodeUrlFilter.doFilterInternal(DisableEncodeUrlFilter.java:42) ~[spring-security-web-5.7.10.jar:5.7.10]
	at org.springframework.web.filter.OncePerRequestFilter.doFilter(OncePerRequestFilter.java:117) ~[spring-web-5.3.29.jar:5.3.29]
	at org.springframework.security.web.FilterChainProxy$VirtualFilterChain.doFilter(FilterChainProxy.java:346) ~[spring-security-web-5.7.10.jar:5.7.10]
	at org.springframework.security.web.FilterChainProxy.doFilterInternal(FilterChainProxy.java:221) ~[spring-security-web-5.7.10.jar:5.7.10]
	at org.springframework.security.web.FilterChainProxy.doFilter(FilterChainProxy.java:186) ~[spring-security-web-5.7.10.jar:5.7.10]
	at org.springframework.web.filter.DelegatingFilterProxy.invokeDelegate(DelegatingFilterProxy.java:354) ~[spring-web-5.3.29.jar:5.3.29]
	at org.springframework.web.filter.DelegatingFilterProxy.doFilter(DelegatingFilterProxy.java:267) ~[spring-web-5.3.29.jar:5.3.29]
	at org.apache.catalina.core.ApplicationFilterChain.internalDoFilter(ApplicationFilterChain.java:178) ~[tomcat-embed-core-9.0.78.jar:9.0.78]
	at org.apache.catalina.core.ApplicationFilterChain.doFilter(ApplicationFilterChain.java:153) ~[tomcat-embed-core-9.0.78.jar:9.0.78]
	at org.springframework.web.filter.RequestContextFilter.doFilterInternal(RequestContextFilter.java:100) ~[spring-web-5.3.29.jar:5.3.29]
	at org.springframework.web.filter.OncePerRequestFilter.doFilter(OncePerRequestFilter.java:117) ~[spring-web-5.3.29.jar:5.3.29]
	at org.apache.catalina.core.ApplicationFilterChain.internalDoFilter(ApplicationFilterChain.java:178) ~[tomcat-embed-core-9.0.78.jar:9.0.78]
	at org.apache.catalina.core.ApplicationFilterChain.doFilter(ApplicationFilterChain.java:153) ~[tomcat-embed-core-9.0.78.jar:9.0.78]
	at org.springframework.web.filter.FormContentFilter.doFilterInternal(FormContentFilter.java:93) ~[spring-web-5.3.29.jar:5.3.29]
	at org.springframework.web.filter.OncePerRequestFilter.doFilter(OncePerRequestFilter.java:117) ~[spring-web-5.3.29.jar:5.3.29]
	at org.apache.catalina.core.ApplicationFilterChain.internalDoFilter(ApplicationFilterChain.java:178) ~[tomcat-embed-core-9.0.78.jar:9.0.78]
	at org.apache.catalina.core.ApplicationFilterChain.doFilter(ApplicationFilterChain.java:153) ~[tomcat-embed-core-9.0.78.jar:9.0.78]
	at org.springframework.web.filter.CharacterEncodingFilter.doFilterInternal(CharacterEncodingFilter.java:201) ~[spring-web-5.3.29.jar:5.3.29]
	at org.springframework.web.filter.OncePerRequestFilter.doFilter(OncePerRequestFilter.java:117) ~[spring-web-5.3.29.jar:5.3.29]
	at org.apache.catalina.core.ApplicationFilterChain.internalDoFilter(ApplicationFilterChain.java:178) ~[tomcat-embed-core-9.0.78.jar:9.0.78]
	at org.apache.catalina.core.ApplicationFilterChain.doFilter(ApplicationFilterChain.java:153) ~[tomcat-embed-core-9.0.78.jar:9.0.78]
	at org.apache.catalina.core.StandardWrapperValve.invoke(StandardWrapperValve.java:167) ~[tomcat-embed-core-9.0.78.jar:9.0.78]
	at org.apache.catalina.core.StandardContextValve.invoke(StandardContextValve.java:90) ~[tomcat-embed-core-9.0.78.jar:9.0.78]
	at org.apache.catalina.authenticator.AuthenticatorBase.invoke(AuthenticatorBase.java:481) ~[tomcat-embed-core-9.0.78.jar:9.0.78]
	at org.apache.catalina.core.StandardHostValve.invoke(StandardHostValve.java:130) ~[tomcat-embed-core-9.0.78.jar:9.0.78]
	at org.apache.catalina.valves.ErrorReportValve.invoke(ErrorReportValve.java:93) ~[tomcat-embed-core-9.0.78.jar:9.0.78]
	at org.apache.catalina.core.StandardEngineValve.invoke(StandardEngineValve.java:74) ~[tomcat-embed-core-9.0.78.jar:9.0.78]
	at org.apache.catalina.valves.RemoteIpValve.invoke(RemoteIpValve.java:768) ~[tomcat-embed-core-9.0.78.jar:9.0.78]
	at org.apache.catalina.connector.CoyoteAdapter.service(CoyoteAdapter.java:343) ~[tomcat-embed-core-9.0.78.jar:9.0.78]
	at org.apache.coyote.http11.Http11Processor.service(Http11Processor.java:390) ~[tomcat-embed-core-9.0.78.jar:9.0.78]
	at org.apache.coyote.AbstractProcessorLight.process(AbstractProcessorLight.java:63) ~[tomcat-embed-core-9.0.78.jar:9.0.78]
	at org.apache.coyote.AbstractProtocol$ConnectionHandler.process(AbstractProtocol.java:926) ~[tomcat-embed-core-9.0.78.jar:9.0.78]
	at org.apache.tomcat.util.net.NioEndpoint$SocketProcessor.doRun(NioEndpoint.java:1791) ~[tomcat-embed-core-9.0.78.jar:9.0.78]
	at org.apache.tomcat.util.net.SocketProcessorBase.run(SocketProcessorBase.java:52) ~[tomcat-embed-core-9.0.78.jar:9.0.78]
	at org.apache.tomcat.util.threads.ThreadPoolExecutor.runWorker(ThreadPoolExecutor.java:1191) ~[tomcat-embed-core-9.0.78.jar:9.0.78]
	at org.apache.tomcat.util.threads.ThreadPoolExecutor$Worker.run(ThreadPoolExecutor.java:659) ~[tomcat-embed-core-9.0.78.jar:9.0.78]
	at org.apache.tomcat.util.threads.TaskThread$WrappingRunnable.run(TaskThread.java:61) ~[tomcat-embed-core-9.0.78.jar:9.0.78]
	at java.base/java.lang.Thread.run(Thread.java:840) ~[na:na]

Hibernate: select user0_.id as id1_5_, user0_.created_at as created_2_5_, user0_.email as email3_5_, user0_.enabled as enabled4_5_, user0_.last_login as last_log5_5_, user0_.password as password6_5_, user0_.role as role7_5_, user0_.two_factor_enabled as two_fact8_5_, user0_.two_factor_secret as two_fact9_5_, user0_.username as usernam10_5_ from users user0_ where user0_.username=?
Hibernate: select notificati0_.id as id1_3_, notificati0_.channel as channel2_3_, notificati0_.created_at as created_3_3_, notificati0_.message as message4_3_, notificati0_.read as read5_3_, notificati0_.sent as sent6_3_, notificati0_.sent_at as sent_at7_3_, notificati0_.title as title8_3_, notificati0_.type as type9_3_, notificati0_.user_id as user_id10_3_ from notifications notificati0_ where notificati0_.user_id=?
2025-09-02 07:34:22.441  WARN 23285 --- [nio-8080-exec-1] o.h.engine.jdbc.spi.SqlExceptionHelper   : SQL Error: 1146, SQLState: 42S02
2025-09-02 07:34:22.442 ERROR 23285 --- [nio-8080-exec-1] o.h.engine.jdbc.spi.SqlExceptionHelper   : Table 'appdb.notifications' doesn't exist
2025-09-02 07:34:22.443 ERROR 23285 --- [nio-8080-exec-1] o.a.c.c.C.[.[.[/].[dispatcherServlet]    : Servlet.service() for servlet [dispatcherServlet] in context with path [] threw exception [Request processing failed; nested exception is org.springframework.dao.InvalidDataAccessResourceUsageException: could not extract ResultSet; SQL [n/a]; nested exception is org.hibernate.exception.SQLGrammarException: could not extract ResultSet] with root cause

java.sql.SQLSyntaxErrorException: Table 'appdb.notifications' doesn't exist
	at com.mysql.cj.jdbc.exceptions.SQLError.createSQLException(SQLError.java:120) ~[mysql-connector-j-8.0.32.jar:8.0.32]
	at com.mysql.cj.jdbc.exceptions.SQLExceptionsMapping.translateException(SQLExceptionsMapping.java:122) ~[mysql-connector-j-8.0.32.jar:8.0.32]
	at com.mysql.cj.jdbc.ClientPreparedStatement.executeInternal(ClientPreparedStatement.java:916) ~[mysql-connector-j-8.0.32.jar:8.0.32]
	at com.mysql.cj.jdbc.ClientPreparedStatement.executeQuery(ClientPreparedStatement.java:972) ~[mysql-connector-j-8.0.32.jar:8.0.32]
	at com.zaxxer.hikari.pool.ProxyPreparedStatement.executeQuery(ProxyPreparedStatement.java:52) ~[HikariCP-4.0.3.jar:na]
	at com.zaxxer.hikari.pool.HikariProxyPreparedStatement.executeQuery(HikariProxyPreparedStatement.java) ~[HikariCP-4.0.3.jar:na]
	at org.hibernate.engine.jdbc.internal.ResultSetReturnImpl.extract(ResultSetReturnImpl.java:57) ~[hibernate-core-5.6.15.Final.jar:5.6.15.Final]
	at org.hibernate.loader.Loader.getResultSet(Loader.java:2322) ~[hibernate-core-5.6.15.Final.jar:5.6.15.Final]
	at org.hibernate.loader.Loader.executeQueryStatement(Loader.java:2075) ~[hibernate-core-5.6.15.Final.jar:5.6.15.Final]
	at org.hibernate.loader.Loader.executeQueryStatement(Loader.java:2037) ~[hibernate-core-5.6.15.Final.jar:5.6.15.Final]
	at org.hibernate.loader.Loader.doQuery(Loader.java:956) ~[hibernate-core-5.6.15.Final.jar:5.6.15.Final]
	at org.hibernate.loader.Loader.doQueryAndInitializeNonLazyCollections(Loader.java:357) ~[hibernate-core-5.6.15.Final.jar:5.6.15.Final]
	at org.hibernate.loader.Loader.doList(Loader.java:2868) ~[hibernate-core-5.6.15.Final.jar:5.6.15.Final]
	at org.hibernate.loader.Loader.doList(Loader.java:2850) ~[hibernate-core-5.6.15.Final.jar:5.6.15.Final]
	at org.hibernate.loader.Loader.listIgnoreQueryCache(Loader.java:2682) ~[hibernate-core-5.6.15.Final.jar:5.6.15.Final]
	at org.hibernate.loader.Loader.list(Loader.java:2677) ~[hibernate-core-5.6.15.Final.jar:5.6.15.Final]
	at org.hibernate.loader.hql.QueryLoader.list(QueryLoader.java:540) ~[hibernate-core-5.6.15.Final.jar:5.6.15.Final]
	at org.hibernate.hql.internal.ast.QueryTranslatorImpl.list(QueryTranslatorImpl.java:400) ~[hibernate-core-5.6.15.Final.jar:5.6.15.Final]
	at org.hibernate.engine.query.spi.HQLQueryPlan.performList(HQLQueryPlan.java:218) ~[hibernate-core-5.6.15.Final.jar:5.6.15.Final]
	at org.hibernate.internal.SessionImpl.list(SessionImpl.java:1459) ~[hibernate-core-5.6.15.Final.jar:5.6.15.Final]
	at org.hibernate.query.internal.AbstractProducedQuery.doList(AbstractProducedQuery.java:1649) ~[hibernate-core-5.6.15.Final.jar:5.6.15.Final]
	at org.hibernate.query.internal.AbstractProducedQuery.list(AbstractProducedQuery.java:1617) ~[hibernate-core-5.6.15.Final.jar:5.6.15.Final]
	at org.hibernate.query.Query.getResultList(Query.java:165) ~[hibernate-core-5.6.15.Final.jar:5.6.15.Final]
	at org.hibernate.query.criteria.internal.compile.CriteriaQueryTypeQueryAdapter.getResultList(CriteriaQueryTypeQueryAdapter.java:76) ~[hibernate-core-5.6.15.Final.jar:5.6.15.Final]
	at org.springframework.data.jpa.repository.query.JpaQueryExecution$CollectionExecution.doExecute(JpaQueryExecution.java:128) ~[spring-data-jpa-2.7.14.jar:2.7.14]
	at org.springframework.data.jpa.repository.query.JpaQueryExecution.execute(JpaQueryExecution.java:90) ~[spring-data-jpa-2.7.14.jar:2.7.14]
	at org.springframework.data.jpa.repository.query.AbstractJpaQuery.doExecute(AbstractJpaQuery.java:156) ~[spring-data-jpa-2.7.14.jar:2.7.14]
	at org.springframework.data.jpa.repository.query.AbstractJpaQuery.execute(AbstractJpaQuery.java:144) ~[spring-data-jpa-2.7.14.jar:2.7.14]
	at org.springframework.data.repository.core.support.RepositoryMethodInvoker.doInvoke(RepositoryMethodInvoker.java:137) ~[spring-data-commons-2.7.14.jar:2.7.14]
	at org.springframework.data.repository.core.support.RepositoryMethodInvoker.invoke(RepositoryMethodInvoker.java:121) ~[spring-data-commons-2.7.14.jar:2.7.14]
	at org.springframework.data.repository.core.support.QueryExecutorMethodInterceptor.doInvoke(QueryExecutorMethodInterceptor.java:160) ~[spring-data-commons-2.7.14.jar:2.7.14]
	at org.springframework.data.repository.core.support.QueryExecutorMethodInterceptor.invoke(QueryExecutorMethodInterceptor.java:139) ~[spring-data-commons-2.7.14.jar:2.7.14]
	at org.springframework.aop.framework.ReflectiveMethodInvocation.proceed(ReflectiveMethodInvocation.java:186) ~[spring-aop-5.3.29.jar:5.3.29]
	at org.springframework.data.projection.DefaultMethodInvokingMethodInterceptor.invoke(DefaultMethodInvokingMethodInterceptor.java:76) ~[spring-data-commons-2.7.14.jar:2.7.14]
	at org.springframework.aop.framework.ReflectiveMethodInvocation.proceed(ReflectiveMethodInvocation.java:186) ~[spring-aop-5.3.29.jar:5.3.29]
	at org.springframework.transaction.interceptor.TransactionInterceptor$1.proceedWithInvocation(TransactionInterceptor.java:123) ~[spring-tx-5.3.29.jar:5.3.29]
	at org.springframework.transaction.interceptor.TransactionAspectSupport.invokeWithinTransaction(TransactionAspectSupport.java:388) ~[spring-tx-5.3.29.jar:5.3.29]
	at org.springframework.transaction.interceptor.TransactionInterceptor.invoke(TransactionInterceptor.java:119) ~[spring-tx-5.3.29.jar:5.3.29]
	at org.springframework.aop.framework.ReflectiveMethodInvocation.proceed(ReflectiveMethodInvocation.java:186) ~[spring-aop-5.3.29.jar:5.3.29]
	at org.springframework.dao.support.PersistenceExceptionTranslationInterceptor.invoke(PersistenceExceptionTranslationInterceptor.java:137) ~[spring-tx-5.3.29.jar:5.3.29]
	at org.springframework.aop.framework.ReflectiveMethodInvocation.proceed(ReflectiveMethodInvocation.java:186) ~[spring-aop-5.3.29.jar:5.3.29]
	at org.springframework.data.jpa.repository.support.CrudMethodMetadataPostProcessor$CrudMethodMetadataPopulatingMethodInterceptor.invoke(CrudMethodMetadataPostProcessor.java:145) ~[spring-data-jpa-2.7.14.jar:2.7.14]
	at org.springframework.aop.framework.ReflectiveMethodInvocation.proceed(ReflectiveMethodInvocation.java:186) ~[spring-aop-5.3.29.jar:5.3.29]
	at org.springframework.aop.interceptor.ExposeInvocationInterceptor.invoke(ExposeInvocationInterceptor.java:97) ~[spring-aop-5.3.29.jar:5.3.29]
	at org.springframework.aop.framework.ReflectiveMethodInvocation.proceed(ReflectiveMethodInvocation.java:186) ~[spring-aop-5.3.29.jar:5.3.29]
	at org.springframework.aop.framework.JdkDynamicAopProxy.invoke(JdkDynamicAopProxy.java:241) ~[spring-aop-5.3.29.jar:5.3.29]
	at jdk.proxy4/jdk.proxy4.$Proxy122.findByUser(Unknown Source) ~[na:na]
	at com.examly.springapp.service.NotificationService.getUserNotifications(NotificationService.java:36) ~[classes/:na]
	at com.examly.springapp.controller.NotificationController.getUserNotifications(NotificationController.java:28) ~[classes/:na]
	at java.base/jdk.internal.reflect.NativeMethodAccessorImpl.invoke0(Native Method) ~[na:na]
	at java.base/jdk.internal.reflect.NativeMethodAccessorImpl.invoke(NativeMethodAccessorImpl.java:77) ~[na:na]
	at java.base/jdk.internal.reflect.DelegatingMethodAccessorImpl.invoke(DelegatingMethodAccessorImpl.java:43) ~[na:na]
	at java.base/java.lang.reflect.Method.invoke(Method.java:569) ~[na:na]
	at org.springframework.web.method.support.InvocableHandlerMethod.doInvoke(InvocableHandlerMethod.java:205) ~[spring-web-5.3.29.jar:5.3.29]
	at org.springframework.web.method.support.InvocableHandlerMethod.invokeForRequest(InvocableHandlerMethod.java:150) ~[spring-web-5.3.29.jar:5.3.29]
	at org.springframework.web.servlet.mvc.method.annotation.ServletInvocableHandlerMethod.invokeAndHandle(ServletInvocableHandlerMethod.java:117) ~[spring-webmvc-5.3.29.jar:5.3.29]
	at org.springframework.web.servlet.mvc.method.annotation.RequestMappingHandlerAdapter.invokeHandlerMethod(RequestMappingHandlerAdapter.java:895) ~[spring-webmvc-5.3.29.jar:5.3.29]
	at org.springframework.web.servlet.mvc.method.annotation.RequestMappingHandlerAdapter.handleInternal(RequestMappingHandlerAdapter.java:808) ~[spring-webmvc-5.3.29.jar:5.3.29]
	at org.springframework.web.servlet.mvc.method.AbstractHandlerMethodAdapter.handle(AbstractHandlerMethodAdapter.java:87) ~[spring-webmvc-5.3.29.jar:5.3.29]
	at org.springframework.web.servlet.DispatcherServlet.doDispatch(DispatcherServlet.java:1072) ~[spring-webmvc-5.3.29.jar:5.3.29]
	at org.springframework.web.servlet.DispatcherServlet.doService(DispatcherServlet.java:965) ~[spring-webmvc-5.3.29.jar:5.3.29]
	at org.springframework.web.servlet.FrameworkServlet.processRequest(FrameworkServlet.java:1006) ~[spring-webmvc-5.3.29.jar:5.3.29]
	at org.springframework.web.servlet.FrameworkServlet.doGet(FrameworkServlet.java:898) ~[spring-webmvc-5.3.29.jar:5.3.29]
	at javax.servlet.http.HttpServlet.service(HttpServlet.java:529) ~[tomcat-embed-core-9.0.78.jar:4.0.FR]
	at org.springframework.web.servlet.FrameworkServlet.service(FrameworkServlet.java:883) ~[spring-webmvc-5.3.29.jar:5.3.29]
	at javax.servlet.http.HttpServlet.service(HttpServlet.java:623) ~[tomcat-embed-core-9.0.78.jar:4.0.FR]
	at org.apache.catalina.core.ApplicationFilterChain.internalDoFilter(ApplicationFilterChain.java:209) ~[tomcat-embed-core-9.0.78.jar:9.0.78]
	at org.apache.catalina.core.ApplicationFilterChain.doFilter(ApplicationFilterChain.java:153) ~[tomcat-embed-core-9.0.78.jar:9.0.78]
	at org.apache.tomcat.websocket.server.WsFilter.doFilter(WsFilter.java:51) ~[tomcat-embed-websocket-9.0.78.jar:9.0.78]
	at org.apache.catalina.core.ApplicationFilterChain.internalDoFilter(ApplicationFilterChain.java:178) ~[tomcat-embed-core-9.0.78.jar:9.0.78]
	at org.apache.catalina.core.ApplicationFilterChain.doFilter(ApplicationFilterChain.java:153) ~[tomcat-embed-core-9.0.78.jar:9.0.78]
	at org.springframework.security.web.FilterChainProxy$VirtualFilterChain.doFilter(FilterChainProxy.java:337) ~[spring-security-web-5.7.10.jar:5.7.10]
	at org.springframework.security.web.access.intercept.FilterSecurityInterceptor.invoke(FilterSecurityInterceptor.java:115) ~[spring-security-web-5.7.10.jar:5.7.10]
	at org.springframework.security.web.access.intercept.FilterSecurityInterceptor.doFilter(FilterSecurityInterceptor.java:81) ~[spring-security-web-5.7.10.jar:5.7.10]
	at org.springframework.security.web.FilterChainProxy$VirtualFilterChain.doFilter(FilterChainProxy.java:346) ~[spring-security-web-5.7.10.jar:5.7.10]
	at org.springframework.security.web.access.ExceptionTranslationFilter.doFilter(ExceptionTranslationFilter.java:122) ~[spring-security-web-5.7.10.jar:5.7.10]
	at org.springframework.security.web.access.ExceptionTranslationFilter.doFilter(ExceptionTranslationFilter.java:116) ~[spring-security-web-5.7.10.jar:5.7.10]
	at org.springframework.security.web.FilterChainProxy$VirtualFilterChain.doFilter(FilterChainProxy.java:346) ~[spring-security-web-5.7.10.jar:5.7.10]
	at org.springframework.security.web.session.SessionManagementFilter.doFilter(SessionManagementFilter.java:126) ~[spring-security-web-5.7.10.jar:5.7.10]
	at org.springframework.security.web.session.SessionManagementFilter.doFilter(SessionManagementFilter.java:81) ~[spring-security-web-5.7.10.jar:5.7.10]
	at org.springframework.security.web.FilterChainProxy$VirtualFilterChain.doFilter(FilterChainProxy.java:346) ~[spring-security-web-5.7.10.jar:5.7.10]
	at org.springframework.security.web.authentication.AnonymousAuthenticationFilter.doFilter(AnonymousAuthenticationFilter.java:109) ~[spring-security-web-5.7.10.jar:5.7.10]
	at org.springframework.security.web.FilterChainProxy$VirtualFilterChain.doFilter(FilterChainProxy.java:346) ~[spring-security-web-5.7.10.jar:5.7.10]
	at org.springframework.security.web.servletapi.SecurityContextHolderAwareRequestFilter.doFilter(SecurityContextHolderAwareRequestFilter.java:149) ~[spring-security-web-5.7.10.jar:5.7.10]
	at org.springframework.security.web.FilterChainProxy$VirtualFilterChain.doFilter(FilterChainProxy.java:346) ~[spring-security-web-5.7.10.jar:5.7.10]
	at org.springframework.security.web.savedrequest.RequestCacheAwareFilter.doFilter(RequestCacheAwareFilter.java:63) ~[spring-security-web-5.7.10.jar:5.7.10]
	at org.springframework.security.web.FilterChainProxy$VirtualFilterChain.doFilter(FilterChainProxy.java:346) ~[spring-security-web-5.7.10.jar:5.7.10]
	at org.springframework.security.web.authentication.logout.LogoutFilter.doFilter(LogoutFilter.java:103) ~[spring-security-web-5.7.10.jar:5.7.10]
	at org.springframework.security.web.authentication.logout.LogoutFilter.doFilter(LogoutFilter.java:89) ~[spring-security-web-5.7.10.jar:5.7.10]
	at org.springframework.security.web.FilterChainProxy$VirtualFilterChain.doFilter(FilterChainProxy.java:346) ~[spring-security-web-5.7.10.jar:5.7.10]
	at org.springframework.web.filter.CorsFilter.doFilterInternal(CorsFilter.java:91) ~[spring-web-5.3.29.jar:5.3.29]
	at org.springframework.web.filter.OncePerRequestFilter.doFilter(OncePerRequestFilter.java:117) ~[spring-web-5.3.29.jar:5.3.29]
	at org.springframework.security.web.FilterChainProxy$VirtualFilterChain.doFilter(FilterChainProxy.java:346) ~[spring-security-web-5.7.10.jar:5.7.10]
	at org.springframework.security.web.header.HeaderWriterFilter.doHeadersAfter(HeaderWriterFilter.java:90) ~[spring-security-web-5.7.10.jar:5.7.10]
	at org.springframework.security.web.header.HeaderWriterFilter.doFilterInternal(HeaderWriterFilter.java:75) ~[spring-security-web-5.7.10.jar:5.7.10]
	at org.springframework.web.filter.OncePerRequestFilter.doFilter(OncePerRequestFilter.java:117) ~[spring-web-5.3.29.jar:5.3.29]
	at org.springframework.security.web.FilterChainProxy$VirtualFilterChain.doFilter(FilterChainProxy.java:346) ~[spring-security-web-5.7.10.jar:5.7.10]
	at org.springframework.security.web.context.SecurityContextPersistenceFilter.doFilter(SecurityContextPersistenceFilter.java:112) ~[spring-security-web-5.7.10.jar:5.7.10]
	at org.springframework.security.web.context.SecurityContextPersistenceFilter.doFilter(SecurityContextPersistenceFilter.java:82) ~[spring-security-web-5.7.10.jar:5.7.10]
	at org.springframework.security.web.FilterChainProxy$VirtualFilterChain.doFilter(FilterChainProxy.java:346) ~[spring-security-web-5.7.10.jar:5.7.10]
	at org.springframework.security.web.context.request.async.WebAsyncManagerIntegrationFilter.doFilterInternal(WebAsyncManagerIntegrationFilter.java:55) ~[spring-security-web-5.7.10.jar:5.7.10]
	at org.springframework.web.filter.OncePerRequestFilter.doFilter(OncePerRequestFilter.java:117) ~[spring-web-5.3.29.jar:5.3.29]
	at org.springframework.security.web.FilterChainProxy$VirtualFilterChain.doFilter(FilterChainProxy.java:346) ~[spring-security-web-5.7.10.jar:5.7.10]
	at org.springframework.security.web.session.DisableEncodeUrlFilter.doFilterInternal(DisableEncodeUrlFilter.java:42) ~[spring-security-web-5.7.10.jar:5.7.10]
	at org.springframework.web.filter.OncePerRequestFilter.doFilter(OncePerRequestFilter.java:117) ~[spring-web-5.3.29.jar:5.3.29]
	at org.springframework.security.web.FilterChainProxy$VirtualFilterChain.doFilter(FilterChainProxy.java:346) ~[spring-security-web-5.7.10.jar:5.7.10]
	at org.springframework.security.web.FilterChainProxy.doFilterInternal(FilterChainProxy.java:221) ~[spring-security-web-5.7.10.jar:5.7.10]
	at org.springframework.security.web.FilterChainProxy.doFilter(FilterChainProxy.java:186) ~[spring-security-web-5.7.10.jar:5.7.10]
	at org.springframework.web.filter.DelegatingFilterProxy.invokeDelegate(DelegatingFilterProxy.java:354) ~[spring-web-5.3.29.jar:5.3.29]
	at org.springframework.web.filter.DelegatingFilterProxy.doFilter(DelegatingFilterProxy.java:267) ~[spring-web-5.3.29.jar:5.3.29]
	at org.apache.catalina.core.ApplicationFilterChain.internalDoFilter(ApplicationFilterChain.java:178) ~[tomcat-embed-core-9.0.78.jar:9.0.78]
	at org.apache.catalina.core.ApplicationFilterChain.doFilter(ApplicationFilterChain.java:153) ~[tomcat-embed-core-9.0.78.jar:9.0.78]
	at org.springframework.web.filter.RequestContextFilter.doFilterInternal(RequestContextFilter.java:100) ~[spring-web-5.3.29.jar:5.3.29]
	at org.springframework.web.filter.OncePerRequestFilter.doFilter(OncePerRequestFilter.java:117) ~[spring-web-5.3.29.jar:5.3.29]
	at org.apache.catalina.core.ApplicationFilterChain.internalDoFilter(ApplicationFilterChain.java:178) ~[tomcat-embed-core-9.0.78.jar:9.0.78]
	at org.apache.catalina.core.ApplicationFilterChain.doFilter(ApplicationFilterChain.java:153) ~[tomcat-embed-core-9.0.78.jar:9.0.78]
	at org.springframework.web.filter.FormContentFilter.doFilterInternal(FormContentFilter.java:93) ~[spring-web-5.3.29.jar:5.3.29]
	at org.springframework.web.filter.OncePerRequestFilter.doFilter(OncePerRequestFilter.java:117) ~[spring-web-5.3.29.jar:5.3.29]
	at org.apache.catalina.core.ApplicationFilterChain.internalDoFilter(ApplicationFilterChain.java:178) ~[tomcat-embed-core-9.0.78.jar:9.0.78]
	at org.apache.catalina.core.ApplicationFilterChain.doFilter(ApplicationFilterChain.java:153) ~[tomcat-embed-core-9.0.78.jar:9.0.78]
	at org.springframework.web.filter.CharacterEncodingFilter.doFilterInternal(CharacterEncodingFilter.java:201) ~[spring-web-5.3.29.jar:5.3.29]
	at org.springframework.web.filter.OncePerRequestFilter.doFilter(OncePerRequestFilter.java:117) ~[spring-web-5.3.29.jar:5.3.29]
	at org.apache.catalina.core.ApplicationFilterChain.internalDoFilter(ApplicationFilterChain.java:178) ~[tomcat-embed-core-9.0.78.jar:9.0.78]
	at org.apache.catalina.core.ApplicationFilterChain.doFilter(ApplicationFilterChain.java:153) ~[tomcat-embed-core-9.0.78.jar:9.0.78]
	at org.apache.catalina.core.StandardWrapperValve.invoke(StandardWrapperValve.java:167) ~[tomcat-embed-core-9.0.78.jar:9.0.78]
	at org.apache.catalina.core.StandardContextValve.invoke(StandardContextValve.java:90) ~[tomcat-embed-core-9.0.78.jar:9.0.78]
	at org.apache.catalina.authenticator.AuthenticatorBase.invoke(AuthenticatorBase.java:481) ~[tomcat-embed-core-9.0.78.jar:9.0.78]
	at org.apache.catalina.core.StandardHostValve.invoke(StandardHostValve.java:130) ~[tomcat-embed-core-9.0.78.jar:9.0.78]
	at org.apache.catalina.valves.ErrorReportValve.invoke(ErrorReportValve.java:93) ~[tomcat-embed-core-9.0.78.jar:9.0.78]
	at org.apache.catalina.core.StandardEngineValve.invoke(StandardEngineValve.java:74) ~[tomcat-embed-core-9.0.78.jar:9.0.78]
	at org.apache.catalina.valves.RemoteIpValve.invoke(RemoteIpValve.java:768) ~[tomcat-embed-core-9.0.78.jar:9.0.78]
	at org.apache.catalina.connector.CoyoteAdapter.service(CoyoteAdapter.java:343) ~[tomcat-embed-core-9.0.78.jar:9.0.78]
	at org.apache.coyote.http11.Http11Processor.service(Http11Processor.java:390) ~[tomcat-embed-core-9.0.78.jar:9.0.78]
	at org.apache.coyote.AbstractProcessorLight.process(AbstractProcessorLight.java:63) ~[tomcat-embed-core-9.0.78.jar:9.0.78]
	at org.apache.coyote.AbstractProtocol$ConnectionHandler.process(AbstractProtocol.java:926) ~[tomcat-embed-core-9.0.78.jar:9.0.78]
	at org.apache.tomcat.util.net.NioEndpoint$SocketProcessor.doRun(NioEndpoint.java:1791) ~[tomcat-embed-core-9.0.78.jar:9.0.78]
	at org.apache.tomcat.util.net.SocketProcessorBase.run(SocketProcessorBase.java:52) ~[tomcat-embed-core-9.0.78.jar:9.0.78]
	at org.apache.tomcat.util.threads.ThreadPoolExecutor.runWorker(ThreadPoolExecutor.java:1191) ~[tomcat-embed-core-9.0.78.jar:9.0.78]
	at org.apache.tomcat.util.threads.ThreadPoolExecutor$Worker.run(ThreadPoolExecutor.java:659) ~[tomcat-embed-core-9.0.78.jar:9.0.78]
	at org.apache.tomcat.util.threads.TaskThread$WrappingRunnable.run(TaskThread.java:61) ~[tomcat-embed-core-9.0.78.jar:9.0.78]
	at java.base/java.lang.Thread.run(Thread.java:840) ~[na:na]

Hibernate: insert into tutor (experience, name, phone_number, qualification, subject) values (?, ?, ?, ?, ?)
Hibernate: select user0_.id as id1_5_, user0_.created_at as created_2_5_, user0_.email as email3_5_, user0_.enabled as enabled4_5_, user0_.last_login as last_log5_5_, user0_.password as password6_5_, user0_.role as role7_5_, user0_.two_factor_enabled as two_fact8_5_, user0_.two_factor_secret as two_fact9_5_, user0_.username as usernam10_5_ from users user0_ where user0_.username=?
Hibernate: insert into applications (review_date, reviewer_id, reviewer_comments, status, submission_date, tutor_id, user_id) values (?, ?, ?, ?, ?, ?, ?)
Hibernate: insert into notifications (channel, created_at, message, read, sent, sent_at, title, type, user_id) values (?, ?, ?, ?, ?, ?, ?, ?, ?)
2025-09-02 07:34:42.861  WARN 23285 --- [nio-8080-exec-3] o.h.engine.jdbc.spi.SqlExceptionHelper   : SQL Error: 1064, SQLState: 42000
2025-09-02 07:34:42.862 ERROR 23285 --- [nio-8080-exec-3] o.h.engine.jdbc.spi.SqlExceptionHelper   : You have an error in your SQL syntax; check the manual that corresponds to your MySQL server version for the right syntax to use near 'read, sent, sent_at, title, type, user_id) values ('IN_APP', '2025-09-02 07:34:4' at line 1
2025-09-02 07:35:23.535  INFO 23285 --- [   File Watcher] rtingClassPathChangeChangedEventListener : Restarting due to 1 class path change (1 addition, 0 deletions, 0 modifications)
2025-09-02 07:35:23.538  INFO 23285 --- [       Thread-5] o.apache.catalina.core.StandardService   : Stopping service [Tomcat]
2025-09-02 07:35:23.539  INFO 23285 --- [       Thread-5] o.a.c.c.C.[Tomcat].[localhost].[/]       : Destroying Spring FrameworkServlet 'dispatcherServlet'
2025-09-02 07:35:23.544  INFO 23285 --- [       Thread-5] j.LocalContainerEntityManagerFactoryBean : Closing JPA EntityManagerFactory for persistence unit 'default'
2025-09-02 07:35:23.545  INFO 23285 --- [       Thread-5] com.zaxxer.hikari.HikariDataSource       : HikariPool-1 - Shutdown initiated...
2025-09-02 07:35:23.550  INFO 23285 --- [       Thread-5] com.zaxxer.hikari.HikariDataSource       : HikariPool-1 - Shutdown completed.

  .   ____          _            __ _ _
 /\\ / ___'_ __ _ _(_)_ __  __ _ \ \ \ \
( ( )\___ | '_ | '_| | '_ \/ _` | \ \ \ \
 \\/  ___)| |_)| | | | | || (_| |  ) ) ) )
  '  |____| .__|_| |_|_| |_\__, | / / / /
 =========|_|==============|___/=/_/_/_/
 :: Spring Boot ::               (v2.7.14)

2025-09-02 07:35:23.594  INFO 23285 --- [  restartedMain] c.examly.springapp.SpringappApplication  : Starting SpringappApplication using Java 17.0.15 on ceaababafbaaefdcabcfbebcacaffdeccdfdba-0 with PID 23285 (/home/coder/project/workspace/springapp/target/classes started by coder in /home/coder/project/workspace/springapp)
2025-09-02 07:35:23.594  INFO 23285 --- [  restartedMain] c.examly.springapp.SpringappApplication  : No active profile set, falling back to 1 default profile: "default"
2025-09-02 07:35:23.686  INFO 23285 --- [  restartedMain] .s.d.r.c.RepositoryConfigurationDelegate : Bootstrapping Spring Data JPA repositories in DEFAULT mode.
2025-09-02 07:35:23.694  INFO 23285 --- [  restartedMain] .s.d.r.c.RepositoryConfigurationDelegate : Finished Spring Data repository scanning in 7 ms. Found 4 JPA repository interfaces.
2025-09-02 07:35:23.750  INFO 23285 --- [  restartedMain] o.s.b.w.embedded.tomcat.TomcatWebServer  : Tomcat initialized with port(s): 8080 (http)
2025-09-02 07:35:23.751  INFO 23285 --- [  restartedMain] o.apache.catalina.core.StandardService   : Starting service [Tomcat]
2025-09-02 07:35:23.751  INFO 23285 --- [  restartedMain] org.apache.catalina.core.StandardEngine  : Starting Servlet engine: [Apache Tomcat/9.0.78]
2025-09-02 07:35:23.757  INFO 23285 --- [  restartedMain] o.a.c.c.C.[Tomcat].[localhost].[/]       : Initializing Spring embedded WebApplicationContext
2025-09-02 07:35:23.757  INFO 23285 --- [  restartedMain] w.s.c.ServletWebServerApplicationContext : Root WebApplicationContext: initialization completed in 161 ms
2025-09-02 07:35:23.765  INFO 23285 --- [  restartedMain] com.zaxxer.hikari.HikariDataSource       : HikariPool-2 - Starting...
2025-09-02 07:35:23.768  INFO 23285 --- [  restartedMain] com.zaxxer.hikari.HikariDataSource       : HikariPool-2 - Start completed.
2025-09-02 07:35:23.768  INFO 23285 --- [  restartedMain] o.s.b.a.h2.H2ConsoleAutoConfiguration    : H2 console available at '/h2-console'. Database available at 'jdbc:mysql://localhost:3306/appdb?createDatabaseIfNotExist=true'
2025-09-02 07:35:23.784  INFO 23285 --- [  restartedMain] o.hibernate.jpa.internal.util.LogHelper  : HHH000204: Processing PersistenceUnitInfo [name: default]
2025-09-02 07:35:23.786  INFO 23285 --- [  restartedMain] org.hibernate.dialect.Dialect            : HHH000400: Using dialect: org.hibernate.dialect.MySQL8Dialect
Hibernate: create table notifications (id bigint not null auto_increment, channel varchar(255), created_at datetime(6), message varchar(1000), read bit not null, sent bit not null, sent_at datetime(6), title varchar(255) not null, type varchar(255), user_id bigint, primary key (id)) engine=InnoDB
2025-09-02 07:35:23.849  WARN 23285 --- [  restartedMain] o.h.t.s.i.ExceptionHandlerLoggedImpl     : GenerationTarget encountered exception accepting command : Error executing DDL "create table notifications (id bigint not null auto_increment, channel varchar(255), created_at datetime(6), message varchar(1000), read bit not null, sent bit not null, sent_at datetime(6), title varchar(255) not null, type varchar(255), user_id bigint, primary key (id)) engine=InnoDB" via JDBC Statement

org.hibernate.tool.schema.spi.CommandAcceptanceException: Error executing DDL "create table notifications (id bigint not null auto_increment, channel varchar(255), created_at datetime(6), message varchar(1000), read bit not null, sent bit not null, sent_at datetime(6), title varchar(255) not null, type varchar(255), user_id bigint, primary key (id)) engine=InnoDB" via JDBC Statement
	at org.hibernate.tool.schema.internal.exec.GenerationTargetToDatabase.accept(GenerationTargetToDatabase.java:67) ~[hibernate-core-5.6.15.Final.jar:5.6.15.Final]
	at org.hibernate.tool.schema.internal.AbstractSchemaMigrator.applySqlString(AbstractSchemaMigrator.java:581) ~[hibernate-core-5.6.15.Final.jar:5.6.15.Final]
	at org.hibernate.tool.schema.internal.AbstractSchemaMigrator.applySqlStrings(AbstractSchemaMigrator.java:526) ~[hibernate-core-5.6.15.Final.jar:5.6.15.Final]
	at org.hibernate.tool.schema.internal.AbstractSchemaMigrator.createTable(AbstractSchemaMigrator.java:293) ~[hibernate-core-5.6.15.Final.jar:5.6.15.Final]
	at org.hibernate.tool.schema.internal.GroupedSchemaMigratorImpl.performTablesMigration(GroupedSchemaMigratorImpl.java:74) ~[hibernate-core-5.6.15.Final.jar:5.6.15.Final]
	at org.hibernate.tool.schema.internal.AbstractSchemaMigrator.performMigration(AbstractSchemaMigrator.java:220) ~[hibernate-core-5.6.15.Final.jar:5.6.15.Final]
	at org.hibernate.tool.schema.internal.AbstractSchemaMigrator.doMigration(AbstractSchemaMigrator.java:123) ~[hibernate-core-5.6.15.Final.jar:5.6.15.Final]
	at org.hibernate.tool.schema.spi.SchemaManagementToolCoordinator.performDatabaseAction(SchemaManagementToolCoordinator.java:196) ~[hibernate-core-5.6.15.Final.jar:5.6.15.Final]
	at org.hibernate.tool.schema.spi.SchemaManagementToolCoordinator.process(SchemaManagementToolCoordinator.java:85) ~[hibernate-core-5.6.15.Final.jar:5.6.15.Final]
	at org.hibernate.internal.SessionFactoryImpl.<init>(SessionFactoryImpl.java:335) ~[hibernate-core-5.6.15.Final.jar:5.6.15.Final]
	at org.hibernate.boot.internal.SessionFactoryBuilderImpl.build(SessionFactoryBuilderImpl.java:471) ~[hibernate-core-5.6.15.Final.jar:5.6.15.Final]
	at org.hibernate.jpa.boot.internal.EntityManagerFactoryBuilderImpl.build(EntityManagerFactoryBuilderImpl.java:1498) ~[hibernate-core-5.6.15.Final.jar:5.6.15.Final]
	at org.springframework.orm.jpa.vendor.SpringHibernateJpaPersistenceProvider.createContainerEntityManagerFactory(SpringHibernateJpaPersistenceProvider.java:58) ~[spring-orm-5.3.29.jar:5.3.29]
	at org.springframework.orm.jpa.LocalContainerEntityManagerFactoryBean.createNativeEntityManagerFactory(LocalContainerEntityManagerFactoryBean.java:365) ~[spring-orm-5.3.29.jar:5.3.29]
	at org.springframework.orm.jpa.AbstractEntityManagerFactoryBean.buildNativeEntityManagerFactory(AbstractEntityManagerFactoryBean.java:409) ~[spring-orm-5.3.29.jar:5.3.29]
	at org.springframework.orm.jpa.AbstractEntityManagerFactoryBean.afterPropertiesSet(AbstractEntityManagerFactoryBean.java:396) ~[spring-orm-5.3.29.jar:5.3.29]
	at org.springframework.orm.jpa.LocalContainerEntityManagerFactoryBean.afterPropertiesSet(LocalContainerEntityManagerFactoryBean.java:341) ~[spring-orm-5.3.29.jar:5.3.29]
	at org.springframework.beans.factory.support.AbstractAutowireCapableBeanFactory.invokeInitMethods(AbstractAutowireCapableBeanFactory.java:1863) ~[spring-beans-5.3.29.jar:5.3.29]
	at org.springframework.beans.factory.support.AbstractAutowireCapableBeanFactory.initializeBean(AbstractAutowireCapableBeanFactory.java:1800) ~[spring-beans-5.3.29.jar:5.3.29]
	at org.springframework.beans.factory.support.AbstractAutowireCapableBeanFactory.doCreateBean(AbstractAutowireCapableBeanFactory.java:620) ~[spring-beans-5.3.29.jar:5.3.29]
	at org.springframework.beans.factory.support.AbstractAutowireCapableBeanFactory.createBean(AbstractAutowireCapableBeanFactory.java:542) ~[spring-beans-5.3.29.jar:5.3.29]
	at org.springframework.beans.factory.support.AbstractBeanFactory.lambda$doGetBean$0(AbstractBeanFactory.java:335) ~[spring-beans-5.3.29.jar:5.3.29]
	at org.springframework.beans.factory.support.DefaultSingletonBeanRegistry.getSingleton(DefaultSingletonBeanRegistry.java:234) ~[spring-beans-5.3.29.jar:5.3.29]
	at org.springframework.beans.factory.support.AbstractBeanFactory.doGetBean(AbstractBeanFactory.java:333) ~[spring-beans-5.3.29.jar:5.3.29]
	at org.springframework.beans.factory.support.AbstractBeanFactory.getBean(AbstractBeanFactory.java:208) ~[spring-beans-5.3.29.jar:5.3.29]
	at org.springframework.context.support.AbstractApplicationContext.getBean(AbstractApplicationContext.java:1157) ~[spring-context-5.3.29.jar:5.3.29]
	at org.springframework.context.support.AbstractApplicationContext.finishBeanFactoryInitialization(AbstractApplicationContext.java:911) ~[spring-context-5.3.29.jar:5.3.29]
	at org.springframework.context.support.AbstractApplicationContext.refresh(AbstractApplicationContext.java:583) ~[spring-context-5.3.29.jar:5.3.29]
	at org.springframework.boot.web.servlet.context.ServletWebServerApplicationContext.refresh(ServletWebServerApplicationContext.java:147) ~[spring-boot-2.7.14.jar:2.7.14]
	at org.springframework.boot.SpringApplication.refresh(SpringApplication.java:731) ~[spring-boot-2.7.14.jar:2.7.14]
	at org.springframework.boot.SpringApplication.refreshContext(SpringApplication.java:408) ~[spring-boot-2.7.14.jar:2.7.14]
	at org.springframework.boot.SpringApplication.run(SpringApplication.java:307) ~[spring-boot-2.7.14.jar:2.7.14]
	at org.springframework.boot.SpringApplication.run(SpringApplication.java:1303) ~[spring-boot-2.7.14.jar:2.7.14]
	at org.springframework.boot.SpringApplication.run(SpringApplication.java:1292) ~[spring-boot-2.7.14.jar:2.7.14]
	at com.examly.springapp.SpringappApplication.main(SpringappApplication.java:9) ~[classes/:na]
	at java.base/jdk.internal.reflect.NativeMethodAccessorImpl.invoke0(Native Method) ~[na:na]
	at java.base/jdk.internal.reflect.NativeMethodAccessorImpl.invoke(NativeMethodAccessorImpl.java:77) ~[na:na]
	at java.base/jdk.internal.reflect.DelegatingMethodAccessorImpl.invoke(DelegatingMethodAccessorImpl.java:43) ~[na:na]
	at java.base/java.lang.reflect.Method.invoke(Method.java:569) ~[na:na]
	at org.springframework.boot.devtools.restart.RestartLauncher.run(RestartLauncher.java:50) ~[spring-boot-devtools-2.7.14.jar:2.7.14]
Caused by: java.sql.SQLSyntaxErrorException: You have an error in your SQL syntax; check the manual that corresponds to your MySQL server version for the right syntax to use near 'read bit not null, sent bit not null, sent_at datetime(6), title varchar(255) no' at line 1
	at com.mysql.cj.jdbc.exceptions.SQLError.createSQLException(SQLError.java:120) ~[mysql-connector-j-8.0.32.jar:8.0.32]
	at com.mysql.cj.jdbc.exceptions.SQLExceptionsMapping.translateException(SQLExceptionsMapping.java:122) ~[mysql-connector-j-8.0.32.jar:8.0.32]
	at com.mysql.cj.jdbc.StatementImpl.executeInternal(StatementImpl.java:763) ~[mysql-connector-j-8.0.32.jar:8.0.32]
	at com.mysql.cj.jdbc.StatementImpl.execute(StatementImpl.java:648) ~[mysql-connector-j-8.0.32.jar:8.0.32]
	at com.zaxxer.hikari.pool.ProxyStatement.execute(ProxyStatement.java:94) ~[HikariCP-4.0.3.jar:na]
	at com.zaxxer.hikari.pool.HikariProxyStatement.execute(HikariProxyStatement.java) ~[HikariCP-4.0.3.jar:na]
	at org.hibernate.tool.schema.internal.exec.GenerationTargetToDatabase.accept(GenerationTargetToDatabase.java:54) ~[hibernate-core-5.6.15.Final.jar:5.6.15.Final]
	... 39 common frames omitted

Hibernate: alter table notifications add constraint FK9y21adhxn0ayjhfocscqox7bh foreign key (user_id) references users (id)
2025-09-02 07:35:23.856  WARN 23285 --- [  restartedMain] o.h.t.s.i.ExceptionHandlerLoggedImpl     : GenerationTarget encountered exception accepting command : Error executing DDL "alter table notifications add constraint FK9y21adhxn0ayjhfocscqox7bh foreign key (user_id) references users (id)" via JDBC Statement

org.hibernate.tool.schema.spi.CommandAcceptanceException: Error executing DDL "alter table notifications add constraint FK9y21adhxn0ayjhfocscqox7bh foreign key (user_id) references users (id)" via JDBC Statement
	at org.hibernate.tool.schema.internal.exec.GenerationTargetToDatabase.accept(GenerationTargetToDatabase.java:67) ~[hibernate-core-5.6.15.Final.jar:5.6.15.Final]
	at org.hibernate.tool.schema.internal.AbstractSchemaMigrator.applySqlString(AbstractSchemaMigrator.java:581) ~[hibernate-core-5.6.15.Final.jar:5.6.15.Final]
	at org.hibernate.tool.schema.internal.AbstractSchemaMigrator.applySqlStrings(AbstractSchemaMigrator.java:526) ~[hibernate-core-5.6.15.Final.jar:5.6.15.Final]
	at org.hibernate.tool.schema.internal.AbstractSchemaMigrator.applyForeignKeys(AbstractSchemaMigrator.java:452) ~[hibernate-core-5.6.15.Final.jar:5.6.15.Final]
	at org.hibernate.tool.schema.internal.AbstractSchemaMigrator.performMigration(AbstractSchemaMigrator.java:263) ~[hibernate-core-5.6.15.Final.jar:5.6.15.Final]
	at org.hibernate.tool.schema.internal.AbstractSchemaMigrator.doMigration(AbstractSchemaMigrator.java:123) ~[hibernate-core-5.6.15.Final.jar:5.6.15.Final]
	at org.hibernate.tool.schema.spi.SchemaManagementToolCoordinator.performDatabaseAction(SchemaManagementToolCoordinator.java:196) ~[hibernate-core-5.6.15.Final.jar:5.6.15.Final]
	at org.hibernate.tool.schema.spi.SchemaManagementToolCoordinator.process(SchemaManagementToolCoordinator.java:85) ~[hibernate-core-5.6.15.Final.jar:5.6.15.Final]
	at org.hibernate.internal.SessionFactoryImpl.<init>(SessionFactoryImpl.java:335) ~[hibernate-core-5.6.15.Final.jar:5.6.15.Final]
	at org.hibernate.boot.internal.SessionFactoryBuilderImpl.build(SessionFactoryBuilderImpl.java:471) ~[hibernate-core-5.6.15.Final.jar:5.6.15.Final]
	at org.hibernate.jpa.boot.internal.EntityManagerFactoryBuilderImpl.build(EntityManagerFactoryBuilderImpl.java:1498) ~[hibernate-core-5.6.15.Final.jar:5.6.15.Final]
	at org.springframework.orm.jpa.vendor.SpringHibernateJpaPersistenceProvider.createContainerEntityManagerFactory(SpringHibernateJpaPersistenceProvider.java:58) ~[spring-orm-5.3.29.jar:5.3.29]
	at org.springframework.orm.jpa.LocalContainerEntityManagerFactoryBean.createNativeEntityManagerFactory(LocalContainerEntityManagerFactoryBean.java:365) ~[spring-orm-5.3.29.jar:5.3.29]
	at org.springframework.orm.jpa.AbstractEntityManagerFactoryBean.buildNativeEntityManagerFactory(AbstractEntityManagerFactoryBean.java:409) ~[spring-orm-5.3.29.jar:5.3.29]
	at org.springframework.orm.jpa.AbstractEntityManagerFactoryBean.afterPropertiesSet(AbstractEntityManagerFactoryBean.java:396) ~[spring-orm-5.3.29.jar:5.3.29]
	at org.springframework.orm.jpa.LocalContainerEntityManagerFactoryBean.afterPropertiesSet(LocalContainerEntityManagerFactoryBean.java:341) ~[spring-orm-5.3.29.jar:5.3.29]
	at org.springframework.beans.factory.support.AbstractAutowireCapableBeanFactory.invokeInitMethods(AbstractAutowireCapableBeanFactory.java:1863) ~[spring-beans-5.3.29.jar:5.3.29]
	at org.springframework.beans.factory.support.AbstractAutowireCapableBeanFactory.initializeBean(AbstractAutowireCapableBeanFactory.java:1800) ~[spring-beans-5.3.29.jar:5.3.29]
	at org.springframework.beans.factory.support.AbstractAutowireCapableBeanFactory.doCreateBean(AbstractAutowireCapableBeanFactory.java:620) ~[spring-beans-5.3.29.jar:5.3.29]
	at org.springframework.beans.factory.support.AbstractAutowireCapableBeanFactory.createBean(AbstractAutowireCapableBeanFactory.java:542) ~[spring-beans-5.3.29.jar:5.3.29]
	at org.springframework.beans.factory.support.AbstractBeanFactory.lambda$doGetBean$0(AbstractBeanFactory.java:335) ~[spring-beans-5.3.29.jar:5.3.29]
	at org.springframework.beans.factory.support.DefaultSingletonBeanRegistry.getSingleton(DefaultSingletonBeanRegistry.java:234) ~[spring-beans-5.3.29.jar:5.3.29]
	at org.springframework.beans.factory.support.AbstractBeanFactory.doGetBean(AbstractBeanFactory.java:333) ~[spring-beans-5.3.29.jar:5.3.29]
	at org.springframework.beans.factory.support.AbstractBeanFactory.getBean(AbstractBeanFactory.java:208) ~[spring-beans-5.3.29.jar:5.3.29]
	at org.springframework.context.support.AbstractApplicationContext.getBean(AbstractApplicationContext.java:1157) ~[spring-context-5.3.29.jar:5.3.29]
	at org.springframework.context.support.AbstractApplicationContext.finishBeanFactoryInitialization(AbstractApplicationContext.java:911) ~[spring-context-5.3.29.jar:5.3.29]
	at org.springframework.context.support.AbstractApplicationContext.refresh(AbstractApplicationContext.java:583) ~[spring-context-5.3.29.jar:5.3.29]
	at org.springframework.boot.web.servlet.context.ServletWebServerApplicationContext.refresh(ServletWebServerApplicationContext.java:147) ~[spring-boot-2.7.14.jar:2.7.14]
	at org.springframework.boot.SpringApplication.refresh(SpringApplication.java:731) ~[spring-boot-2.7.14.jar:2.7.14]
	at org.springframework.boot.SpringApplication.refreshContext(SpringApplication.java:408) ~[spring-boot-2.7.14.jar:2.7.14]
	at org.springframework.boot.SpringApplication.run(SpringApplication.java:307) ~[spring-boot-2.7.14.jar:2.7.14]
	at org.springframework.boot.SpringApplication.run(SpringApplication.java:1303) ~[spring-boot-2.7.14.jar:2.7.14]
	at org.springframework.boot.SpringApplication.run(SpringApplication.java:1292) ~[spring-boot-2.7.14.jar:2.7.14]
	at com.examly.springapp.SpringappApplication.main(SpringappApplication.java:9) ~[classes/:na]
	at java.base/jdk.internal.reflect.NativeMethodAccessorImpl.invoke0(Native Method) ~[na:na]
	at java.base/jdk.internal.reflect.NativeMethodAccessorImpl.invoke(NativeMethodAccessorImpl.java:77) ~[na:na]
	at java.base/jdk.internal.reflect.DelegatingMethodAccessorImpl.invoke(DelegatingMethodAccessorImpl.java:43) ~[na:na]
	at java.base/java.lang.reflect.Method.invoke(Method.java:569) ~[na:na]
	at org.springframework.boot.devtools.restart.RestartLauncher.run(RestartLauncher.java:50) ~[spring-boot-devtools-2.7.14.jar:2.7.14]
Caused by: java.sql.SQLSyntaxErrorException: Table 'appdb.notifications' doesn't exist
	at com.mysql.cj.jdbc.exceptions.SQLError.createSQLException(SQLError.java:120) ~[mysql-connector-j-8.0.32.jar:8.0.32]
	at com.mysql.cj.jdbc.exceptions.SQLExceptionsMapping.translateException(SQLExceptionsMapping.java:122) ~[mysql-connector-j-8.0.32.jar:8.0.32]
	at com.mysql.cj.jdbc.StatementImpl.executeInternal(StatementImpl.java:763) ~[mysql-connector-j-8.0.32.jar:8.0.32]
	at com.mysql.cj.jdbc.StatementImpl.execute(StatementImpl.java:648) ~[mysql-connector-j-8.0.32.jar:8.0.32]
	at com.zaxxer.hikari.pool.ProxyStatement.execute(ProxyStatement.java:94) ~[HikariCP-4.0.3.jar:na]
	at com.zaxxer.hikari.pool.HikariProxyStatement.execute(HikariProxyStatement.java) ~[HikariCP-4.0.3.jar:na]
	at org.hibernate.tool.schema.internal.exec.GenerationTargetToDatabase.accept(GenerationTargetToDatabase.java:54) ~[hibernate-core-5.6.15.Final.jar:5.6.15.Final]
	... 38 common frames omitted

2025-09-02 07:35:23.856  INFO 23285 --- [  restartedMain] o.h.e.t.j.p.i.JtaPlatformInitiator       : HHH000490: Using JtaPlatform implementation: [org.hibernate.engine.transaction.jta.platform.internal.NoJtaPlatform]
2025-09-02 07:35:23.857  INFO 23285 --- [  restartedMain] j.LocalContainerEntityManagerFactoryBean : Initialized JPA EntityManagerFactory for persistence unit 'default'
2025-09-02 07:35:23.988  WARN 23285 --- [  restartedMain] JpaBaseConfiguration$JpaWebConfiguration : spring.jpa.open-in-view is enabled by default. Therefore, database queries may be performed during view rendering. Explicitly configure spring.jpa.open-in-view to disable this warning
2025-09-02 07:35:24.001  WARN 23285 --- [  restartedMain] .s.s.UserDetailsServiceAutoConfiguration : 

Using generated security password: 30c2f981-cd5a-4ea5-a69f-e44173f9892c

This generated password is for development use only. Your security configuration must be updated before running your application in production.

2025-09-02 07:35:24.037  INFO 23285 --- [  restartedMain] o.s.s.web.DefaultSecurityFilterChain     : Will secure any request with [org.springframework.security.web.session.DisableEncodeUrlFilter@13e0ebce, org.springframework.security.web.context.request.async.WebAsyncManagerIntegrationFilter@64ed2e6b, org.springframework.security.web.context.SecurityContextPersistenceFilter@1922152, org.springframework.security.web.header.HeaderWriterFilter@c6959e8, org.springframework.web.filter.CorsFilter@9a4d899, org.springframework.security.web.authentication.logout.LogoutFilter@2e1a84cd, org.springframework.security.web.savedrequest.RequestCacheAwareFilter@2bb6a62b, org.springframework.security.web.servletapi.SecurityContextHolderAwareRequestFilter@6d560cac, org.springframework.security.web.authentication.AnonymousAuthenticationFilter@3448420e, org.springframework.security.web.session.SessionManagementFilter@5b711cc6, org.springframework.security.web.access.ExceptionTranslationFilter@a441942, org.springframework.security.web.access.intercept.FilterSecurityInterceptor@fef3148]
2025-09-02 07:35:24.065  INFO 23285 --- [  restartedMain] o.s.b.d.a.OptionalLiveReloadServer       : LiveReload server is running on port 35729
2025-09-02 07:35:24.070  INFO 23285 --- [  restartedMain] o.s.b.w.embedded.tomcat.TomcatWebServer  : Tomcat started on port(s): 8080 (http) with context path ''
2025-09-02 07:35:24.073  INFO 23285 --- [  restartedMain] c.examly.springapp.SpringappApplication  : Started SpringappApplication in 0.492 seconds (JVM running for 127.92)
2025-09-02 07:35:24.074  INFO 23285 --- [  restartedMain] .ConditionEvaluationDeltaLoggingListener : Condition evaluation unchanged
2025-09-02 07:36:35.538  INFO 23285 --- [   File Watcher] rtingClassPathChangeChangedEventListener : Restarting due to 1 class path change (0 additions, 0 deletions, 1 modification)
2025-09-02 07:36:35.539  INFO 23285 --- [       Thread-7] o.apache.catalina.core.StandardService   : Stopping service [Tomcat]
2025-09-02 07:36:35.542  INFO 23285 --- [       Thread-7] j.LocalContainerEntityManagerFactoryBean : Closing JPA EntityManagerFactory for persistence unit 'default'
2025-09-02 07:36:35.543  INFO 23285 --- [       Thread-7] com.zaxxer.hikari.HikariDataSource       : HikariPool-2 - Shutdown initiated...
2025-09-02 07:36:35.544  INFO 23285 --- [       Thread-7] com.zaxxer.hikari.HikariDataSource       : HikariPool-2 - Shutdown completed.

  .   ____          _            __ _ _
 /\\ / ___'_ __ _ _(_)_ __  __ _ \ \ \ \
( ( )\___ | '_ | '_| | '_ \/ _` | \ \ \ \
 \\/  ___)| |_)| | | | | || (_| |  ) ) ) )
  '  |____| .__|_| |_|_| |_\__, | / / / /
 =========|_|==============|___/=/_/_/_/
 :: Spring Boot ::               (v2.7.14)

2025-09-02 07:36:35.592  INFO 23285 --- [  restartedMain] c.examly.springapp.SpringappApplication  : Starting SpringappApplication using Java 17.0.15 on ceaababafbaaefdcabcfbebcacaffdeccdfdba-0 with PID 23285 (/home/coder/project/workspace/springapp/target/classes started by coder in /home/coder/project/workspace/springapp)
2025-09-02 07:36:35.592  INFO 23285 --- [  restartedMain] c.examly.springapp.SpringappApplication  : No active profile set, falling back to 1 default profile: "default"
2025-09-02 07:36:35.672  INFO 23285 --- [  restartedMain] .s.d.r.c.RepositoryConfigurationDelegate : Bootstrapping Spring Data JPA repositories in DEFAULT mode.
2025-09-02 07:36:35.679  INFO 23285 --- [  restartedMain] .s.d.r.c.RepositoryConfigurationDelegate : Finished Spring Data repository scanning in 6 ms. Found 4 JPA repository interfaces.
2025-09-02 07:36:35.729  INFO 23285 --- [  restartedMain] o.s.b.w.embedded.tomcat.TomcatWebServer  : Tomcat initialized with port(s): 8080 (http)
2025-09-02 07:36:35.729  INFO 23285 --- [  restartedMain] o.apache.catalina.core.StandardService   : Starting service [Tomcat]
2025-09-02 07:36:35.729  INFO 23285 --- [  restartedMain] org.apache.catalina.core.StandardEngine  : Starting Servlet engine: [Apache Tomcat/9.0.78]
2025-09-02 07:36:35.734  INFO 23285 --- [  restartedMain] o.a.c.c.C.[Tomcat].[localhost].[/]       : Initializing Spring embedded WebApplicationContext
2025-09-02 07:36:35.734  INFO 23285 --- [  restartedMain] w.s.c.ServletWebServerApplicationContext : Root WebApplicationContext: initialization completed in 141 ms
2025-09-02 07:36:35.742  INFO 23285 --- [  restartedMain] com.zaxxer.hikari.HikariDataSource       : HikariPool-3 - Starting...
2025-09-02 07:36:35.745  INFO 23285 --- [  restartedMain] com.zaxxer.hikari.HikariDataSource       : HikariPool-3 - Start completed.
2025-09-02 07:36:35.745  INFO 23285 --- [  restartedMain] o.s.b.a.h2.H2ConsoleAutoConfiguration    : H2 console available at '/h2-console'. Database available at 'jdbc:mysql://localhost:3306/appdb?createDatabaseIfNotExist=true'
2025-09-02 07:36:35.762  INFO 23285 --- [  restartedMain] o.hibernate.jpa.internal.util.LogHelper  : HHH000204: Processing PersistenceUnitInfo [name: default]
2025-09-02 07:36:35.764  INFO 23285 --- [  restartedMain] org.hibernate.dialect.Dialect            : HHH000400: Using dialect: org.hibernate.dialect.MySQL8Dialect
Hibernate: create table notifications (id bigint not null auto_increment, channel varchar(255), created_at datetime(6), message varchar(1000), read bit not null, sent bit not null, sent_at datetime(6), title varchar(255) not null, type varchar(255), user_id bigint, primary key (id)) engine=InnoDB
2025-09-02 07:36:35.816  WARN 23285 --- [  restartedMain] o.h.t.s.i.ExceptionHandlerLoggedImpl     : GenerationTarget encountered exception accepting command : Error executing DDL "create table notifications (id bigint not null auto_increment, channel varchar(255), created_at datetime(6), message varchar(1000), read bit not null, sent bit not null, sent_at datetime(6), title varchar(255) not null, type varchar(255), user_id bigint, primary key (id)) engine=InnoDB" via JDBC Statement

org.hibernate.tool.schema.spi.CommandAcceptanceException: Error executing DDL "create table notifications (id bigint not null auto_increment, channel varchar(255), created_at datetime(6), message varchar(1000), read bit not null, sent bit not null, sent_at datetime(6), title varchar(255) not null, type varchar(255), user_id bigint, primary key (id)) engine=InnoDB" via JDBC Statement
	at org.hibernate.tool.schema.internal.exec.GenerationTargetToDatabase.accept(GenerationTargetToDatabase.java:67) ~[hibernate-core-5.6.15.Final.jar:5.6.15.Final]
	at org.hibernate.tool.schema.internal.AbstractSchemaMigrator.applySqlString(AbstractSchemaMigrator.java:581) ~[hibernate-core-5.6.15.Final.jar:5.6.15.Final]
	at org.hibernate.tool.schema.internal.AbstractSchemaMigrator.applySqlStrings(AbstractSchemaMigrator.java:526) ~[hibernate-core-5.6.15.Final.jar:5.6.15.Final]
	at org.hibernate.tool.schema.internal.AbstractSchemaMigrator.createTable(AbstractSchemaMigrator.java:293) ~[hibernate-core-5.6.15.Final.jar:5.6.15.Final]
	at org.hibernate.tool.schema.internal.GroupedSchemaMigratorImpl.performTablesMigration(GroupedSchemaMigratorImpl.java:74) ~[hibernate-core-5.6.15.Final.jar:5.6.15.Final]
	at org.hibernate.tool.schema.internal.AbstractSchemaMigrator.performMigration(AbstractSchemaMigrator.java:220) ~[hibernate-core-5.6.15.Final.jar:5.6.15.Final]
	at org.hibernate.tool.schema.internal.AbstractSchemaMigrator.doMigration(AbstractSchemaMigrator.java:123) ~[hibernate-core-5.6.15.Final.jar:5.6.15.Final]
	at org.hibernate.tool.schema.spi.SchemaManagementToolCoordinator.performDatabaseAction(SchemaManagementToolCoordinator.java:196) ~[hibernate-core-5.6.15.Final.jar:5.6.15.Final]
	at org.hibernate.tool.schema.spi.SchemaManagementToolCoordinator.process(SchemaManagementToolCoordinator.java:85) ~[hibernate-core-5.6.15.Final.jar:5.6.15.Final]
	at org.hibernate.internal.SessionFactoryImpl.<init>(SessionFactoryImpl.java:335) ~[hibernate-core-5.6.15.Final.jar:5.6.15.Final]
	at org.hibernate.boot.internal.SessionFactoryBuilderImpl.build(SessionFactoryBuilderImpl.java:471) ~[hibernate-core-5.6.15.Final.jar:5.6.15.Final]
	at org.hibernate.jpa.boot.internal.EntityManagerFactoryBuilderImpl.build(EntityManagerFactoryBuilderImpl.java:1498) ~[hibernate-core-5.6.15.Final.jar:5.6.15.Final]
	at org.springframework.orm.jpa.vendor.SpringHibernateJpaPersistenceProvider.createContainerEntityManagerFactory(SpringHibernateJpaPersistenceProvider.java:58) ~[spring-orm-5.3.29.jar:5.3.29]
	at org.springframework.orm.jpa.LocalContainerEntityManagerFactoryBean.createNativeEntityManagerFactory(LocalContainerEntityManagerFactoryBean.java:365) ~[spring-orm-5.3.29.jar:5.3.29]
	at org.springframework.orm.jpa.AbstractEntityManagerFactoryBean.buildNativeEntityManagerFactory(AbstractEntityManagerFactoryBean.java:409) ~[spring-orm-5.3.29.jar:5.3.29]
	at org.springframework.orm.jpa.AbstractEntityManagerFactoryBean.afterPropertiesSet(AbstractEntityManagerFactoryBean.java:396) ~[spring-orm-5.3.29.jar:5.3.29]
	at org.springframework.orm.jpa.LocalContainerEntityManagerFactoryBean.afterPropertiesSet(LocalContainerEntityManagerFactoryBean.java:341) ~[spring-orm-5.3.29.jar:5.3.29]
	at org.springframework.beans.factory.support.AbstractAutowireCapableBeanFactory.invokeInitMethods(AbstractAutowireCapableBeanFactory.java:1863) ~[spring-beans-5.3.29.jar:5.3.29]
	at org.springframework.beans.factory.support.AbstractAutowireCapableBeanFactory.initializeBean(AbstractAutowireCapableBeanFactory.java:1800) ~[spring-beans-5.3.29.jar:5.3.29]
	at org.springframework.beans.factory.support.AbstractAutowireCapableBeanFactory.doCreateBean(AbstractAutowireCapableBeanFactory.java:620) ~[spring-beans-5.3.29.jar:5.3.29]
	at org.springframework.beans.factory.support.AbstractAutowireCapableBeanFactory.createBean(AbstractAutowireCapableBeanFactory.java:542) ~[spring-beans-5.3.29.jar:5.3.29]
	at org.springframework.beans.factory.support.AbstractBeanFactory.lambda$doGetBean$0(AbstractBeanFactory.java:335) ~[spring-beans-5.3.29.jar:5.3.29]
	at org.springframework.beans.factory.support.DefaultSingletonBeanRegistry.getSingleton(DefaultSingletonBeanRegistry.java:234) ~[spring-beans-5.3.29.jar:5.3.29]
	at org.springframework.beans.factory.support.AbstractBeanFactory.doGetBean(AbstractBeanFactory.java:333) ~[spring-beans-5.3.29.jar:5.3.29]
	at org.springframework.beans.factory.support.AbstractBeanFactory.getBean(AbstractBeanFactory.java:208) ~[spring-beans-5.3.29.jar:5.3.29]
	at org.springframework.context.support.AbstractApplicationContext.getBean(AbstractApplicationContext.java:1157) ~[spring-context-5.3.29.jar:5.3.29]
	at org.springframework.context.support.AbstractApplicationContext.finishBeanFactoryInitialization(AbstractApplicationContext.java:911) ~[spring-context-5.3.29.jar:5.3.29]
	at org.springframework.context.support.AbstractApplicationContext.refresh(AbstractApplicationContext.java:583) ~[spring-context-5.3.29.jar:5.3.29]
	at org.springframework.boot.web.servlet.context.ServletWebServerApplicationContext.refresh(ServletWebServerApplicationContext.java:147) ~[spring-boot-2.7.14.jar:2.7.14]
	at org.springframework.boot.SpringApplication.refresh(SpringApplication.java:731) ~[spring-boot-2.7.14.jar:2.7.14]
	at org.springframework.boot.SpringApplication.refreshContext(SpringApplication.java:408) ~[spring-boot-2.7.14.jar:2.7.14]
	at org.springframework.boot.SpringApplication.run(SpringApplication.java:307) ~[spring-boot-2.7.14.jar:2.7.14]
	at org.springframework.boot.SpringApplication.run(SpringApplication.java:1303) ~[spring-boot-2.7.14.jar:2.7.14]
	at org.springframework.boot.SpringApplication.run(SpringApplication.java:1292) ~[spring-boot-2.7.14.jar:2.7.14]
	at com.examly.springapp.SpringappApplication.main(SpringappApplication.java:9) ~[classes/:na]
	at java.base/jdk.internal.reflect.NativeMethodAccessorImpl.invoke0(Native Method) ~[na:na]
	at java.base/jdk.internal.reflect.NativeMethodAccessorImpl.invoke(NativeMethodAccessorImpl.java:77) ~[na:na]
	at java.base/jdk.internal.reflect.DelegatingMethodAccessorImpl.invoke(DelegatingMethodAccessorImpl.java:43) ~[na:na]
	at java.base/java.lang.reflect.Method.invoke(Method.java:569) ~[na:na]
	at org.springframework.boot.devtools.restart.RestartLauncher.run(RestartLauncher.java:50) ~[spring-boot-devtools-2.7.14.jar:2.7.14]
Caused by: java.sql.SQLSyntaxErrorException: You have an error in your SQL syntax; check the manual that corresponds to your MySQL server version for the right syntax to use near 'read bit not null, sent bit not null, sent_at datetime(6), title varchar(255) no' at line 1
	at com.mysql.cj.jdbc.exceptions.SQLError.createSQLException(SQLError.java:120) ~[mysql-connector-j-8.0.32.jar:8.0.32]
	at com.mysql.cj.jdbc.exceptions.SQLExceptionsMapping.translateException(SQLExceptionsMapping.java:122) ~[mysql-connector-j-8.0.32.jar:8.0.32]
	at com.mysql.cj.jdbc.StatementImpl.executeInternal(StatementImpl.java:763) ~[mysql-connector-j-8.0.32.jar:8.0.32]
	at com.mysql.cj.jdbc.StatementImpl.execute(StatementImpl.java:648) ~[mysql-connector-j-8.0.32.jar:8.0.32]
	at com.zaxxer.hikari.pool.ProxyStatement.execute(ProxyStatement.java:94) ~[HikariCP-4.0.3.jar:na]
	at com.zaxxer.hikari.pool.HikariProxyStatement.execute(HikariProxyStatement.java) ~[HikariCP-4.0.3.jar:na]
	at org.hibernate.tool.schema.internal.exec.GenerationTargetToDatabase.accept(GenerationTargetToDatabase.java:54) ~[hibernate-core-5.6.15.Final.jar:5.6.15.Final]
	... 39 common frames omitted

Hibernate: alter table notifications add constraint FK9y21adhxn0ayjhfocscqox7bh foreign key (user_id) references users (id)
2025-09-02 07:36:35.823  WARN 23285 --- [  restartedMain] o.h.t.s.i.ExceptionHandlerLoggedImpl     : GenerationTarget encountered exception accepting command : Error executing DDL "alter table notifications add constraint FK9y21adhxn0ayjhfocscqox7bh foreign key (user_id) references users (id)" via JDBC Statement

org.hibernate.tool.schema.spi.CommandAcceptanceException: Error executing DDL "alter table notifications add constraint FK9y21adhxn0ayjhfocscqox7bh foreign key (user_id) references users (id)" via JDBC Statement
	at org.hibernate.tool.schema.internal.exec.GenerationTargetToDatabase.accept(GenerationTargetToDatabase.java:67) ~[hibernate-core-5.6.15.Final.jar:5.6.15.Final]
	at org.hibernate.tool.schema.internal.AbstractSchemaMigrator.applySqlString(AbstractSchemaMigrator.java:581) ~[hibernate-core-5.6.15.Final.jar:5.6.15.Final]
	at org.hibernate.tool.schema.internal.AbstractSchemaMigrator.applySqlStrings(AbstractSchemaMigrator.java:526) ~[hibernate-core-5.6.15.Final.jar:5.6.15.Final]
	at org.hibernate.tool.schema.internal.AbstractSchemaMigrator.applyForeignKeys(AbstractSchemaMigrator.java:452) ~[hibernate-core-5.6.15.Final.jar:5.6.15.Final]
	at org.hibernate.tool.schema.internal.AbstractSchemaMigrator.performMigration(AbstractSchemaMigrator.java:263) ~[hibernate-core-5.6.15.Final.jar:5.6.15.Final]
	at org.hibernate.tool.schema.internal.AbstractSchemaMigrator.doMigration(AbstractSchemaMigrator.java:123) ~[hibernate-core-5.6.15.Final.jar:5.6.15.Final]
	at org.hibernate.tool.schema.spi.SchemaManagementToolCoordinator.performDatabaseAction(SchemaManagementToolCoordinator.java:196) ~[hibernate-core-5.6.15.Final.jar:5.6.15.Final]
	at org.hibernate.tool.schema.spi.SchemaManagementToolCoordinator.process(SchemaManagementToolCoordinator.java:85) ~[hibernate-core-5.6.15.Final.jar:5.6.15.Final]
	at org.hibernate.internal.SessionFactoryImpl.<init>(SessionFactoryImpl.java:335) ~[hibernate-core-5.6.15.Final.jar:5.6.15.Final]
	at org.hibernate.boot.internal.SessionFactoryBuilderImpl.build(SessionFactoryBuilderImpl.java:471) ~[hibernate-core-5.6.15.Final.jar:5.6.15.Final]
	at org.hibernate.jpa.boot.internal.EntityManagerFactoryBuilderImpl.build(EntityManagerFactoryBuilderImpl.java:1498) ~[hibernate-core-5.6.15.Final.jar:5.6.15.Final]
	at org.springframework.orm.jpa.vendor.SpringHibernateJpaPersistenceProvider.createContainerEntityManagerFactory(SpringHibernateJpaPersistenceProvider.java:58) ~[spring-orm-5.3.29.jar:5.3.29]
	at org.springframework.orm.jpa.LocalContainerEntityManagerFactoryBean.createNativeEntityManagerFactory(LocalContainerEntityManagerFactoryBean.java:365) ~[spring-orm-5.3.29.jar:5.3.29]
	at org.springframework.orm.jpa.AbstractEntityManagerFactoryBean.buildNativeEntityManagerFactory(AbstractEntityManagerFactoryBean.java:409) ~[spring-orm-5.3.29.jar:5.3.29]
	at org.springframework.orm.jpa.AbstractEntityManagerFactoryBean.afterPropertiesSet(AbstractEntityManagerFactoryBean.java:396) ~[spring-orm-5.3.29.jar:5.3.29]
	at org.springframework.orm.jpa.LocalContainerEntityManagerFactoryBean.afterPropertiesSet(LocalContainerEntityManagerFactoryBean.java:341) ~[spring-orm-5.3.29.jar:5.3.29]
	at org.springframework.beans.factory.support.AbstractAutowireCapableBeanFactory.invokeInitMethods(AbstractAutowireCapableBeanFactory.java:1863) ~[spring-beans-5.3.29.jar:5.3.29]
	at org.springframework.beans.factory.support.AbstractAutowireCapableBeanFactory.initializeBean(AbstractAutowireCapableBeanFactory.java:1800) ~[spring-beans-5.3.29.jar:5.3.29]
	at org.springframework.beans.factory.support.AbstractAutowireCapableBeanFactory.doCreateBean(AbstractAutowireCapableBeanFactory.java:620) ~[spring-beans-5.3.29.jar:5.3.29]
	at org.springframework.beans.factory.support.AbstractAutowireCapableBeanFactory.createBean(AbstractAutowireCapableBeanFactory.java:542) ~[spring-beans-5.3.29.jar:5.3.29]
	at org.springframework.beans.factory.support.AbstractBeanFactory.lambda$doGetBean$0(AbstractBeanFactory.java:335) ~[spring-beans-5.3.29.jar:5.3.29]
	at org.springframework.beans.factory.support.DefaultSingletonBeanRegistry.getSingleton(DefaultSingletonBeanRegistry.java:234) ~[spring-beans-5.3.29.jar:5.3.29]
	at org.springframework.beans.factory.support.AbstractBeanFactory.doGetBean(AbstractBeanFactory.java:333) ~[spring-beans-5.3.29.jar:5.3.29]
	at org.springframework.beans.factory.support.AbstractBeanFactory.getBean(AbstractBeanFactory.java:208) ~[spring-beans-5.3.29.jar:5.3.29]
	at org.springframework.context.support.AbstractApplicationContext.getBean(AbstractApplicationContext.java:1157) ~[spring-context-5.3.29.jar:5.3.29]
	at org.springframework.context.support.AbstractApplicationContext.finishBeanFactoryInitialization(AbstractApplicationContext.java:911) ~[spring-context-5.3.29.jar:5.3.29]
	at org.springframework.context.support.AbstractApplicationContext.refresh(AbstractApplicationContext.java:583) ~[spring-context-5.3.29.jar:5.3.29]
	at org.springframework.boot.web.servlet.context.ServletWebServerApplicationContext.refresh(ServletWebServerApplicationContext.java:147) ~[spring-boot-2.7.14.jar:2.7.14]
	at org.springframework.boot.SpringApplication.refresh(SpringApplication.java:731) ~[spring-boot-2.7.14.jar:2.7.14]
	at org.springframework.boot.SpringApplication.refreshContext(SpringApplication.java:408) ~[spring-boot-2.7.14.jar:2.7.14]
	at org.springframework.boot.SpringApplication.run(SpringApplication.java:307) ~[spring-boot-2.7.14.jar:2.7.14]
	at org.springframework.boot.SpringApplication.run(SpringApplication.java:1303) ~[spring-boot-2.7.14.jar:2.7.14]
	at org.springframework.boot.SpringApplication.run(SpringApplication.java:1292) ~[spring-boot-2.7.14.jar:2.7.14]
	at com.examly.springapp.SpringappApplication.main(SpringappApplication.java:9) ~[classes/:na]
	at java.base/jdk.internal.reflect.NativeMethodAccessorImpl.invoke0(Native Method) ~[na:na]
	at java.base/jdk.internal.reflect.NativeMethodAccessorImpl.invoke(NativeMethodAccessorImpl.java:77) ~[na:na]
	at java.base/jdk.internal.reflect.DelegatingMethodAccessorImpl.invoke(DelegatingMethodAccessorImpl.java:43) ~[na:na]
	at java.base/java.lang.reflect.Method.invoke(Method.java:569) ~[na:na]
	at org.springframework.boot.devtools.restart.RestartLauncher.run(RestartLauncher.java:50) ~[spring-boot-devtools-2.7.14.jar:2.7.14]
Caused by: java.sql.SQLSyntaxErrorException: Table 'appdb.notifications' doesn't exist
	at com.mysql.cj.jdbc.exceptions.SQLError.createSQLException(SQLError.java:120) ~[mysql-connector-j-8.0.32.jar:8.0.32]
	at com.mysql.cj.jdbc.exceptions.SQLExceptionsMapping.translateException(SQLExceptionsMapping.java:122) ~[mysql-connector-j-8.0.32.jar:8.0.32]
	at com.mysql.cj.jdbc.StatementImpl.executeInternal(StatementImpl.java:763) ~[mysql-connector-j-8.0.32.jar:8.0.32]
	at com.mysql.cj.jdbc.StatementImpl.execute(StatementImpl.java:648) ~[mysql-connector-j-8.0.32.jar:8.0.32]
	at com.zaxxer.hikari.pool.ProxyStatement.execute(ProxyStatement.java:94) ~[HikariCP-4.0.3.jar:na]
	at com.zaxxer.hikari.pool.HikariProxyStatement.execute(HikariProxyStatement.java) ~[HikariCP-4.0.3.jar:na]
	at org.hibernate.tool.schema.internal.exec.GenerationTargetToDatabase.accept(GenerationTargetToDatabase.java:54) ~[hibernate-core-5.6.15.Final.jar:5.6.15.Final]
	... 38 common frames omitted

2025-09-02 07:36:35.823  INFO 23285 --- [  restartedMain] o.h.e.t.j.p.i.JtaPlatformInitiator       : HHH000490: Using JtaPlatform implementation: [org.hibernate.engine.transaction.jta.platform.internal.NoJtaPlatform]
2025-09-02 07:36:35.823  INFO 23285 --- [  restartedMain] j.LocalContainerEntityManagerFactoryBean : Initialized JPA EntityManagerFactory for persistence unit 'default'
2025-09-02 07:36:35.940  WARN 23285 --- [  restartedMain] JpaBaseConfiguration$JpaWebConfiguration : spring.jpa.open-in-view is enabled by default. Therefore, database queries may be performed during view rendering. Explicitly configure spring.jpa.open-in-view to disable this warning
2025-09-02 07:36:35.951  WARN 23285 --- [  restartedMain] .s.s.UserDetailsServiceAutoConfiguration : 

Using generated security password: 60533f42-e34c-4375-bd48-c2b53db20ef4

This generated password is for development use only. Your security configuration must be updated before running your application in production.

2025-09-02 07:36:35.982  INFO 23285 --- [  restartedMain] o.s.s.web.DefaultSecurityFilterChain     : Will secure any request with [org.springframework.security.web.session.DisableEncodeUrlFilter@7d568e81, org.springframework.security.web.context.request.async.WebAsyncManagerIntegrationFilter@599bd34d, org.springframework.security.web.context.SecurityContextPersistenceFilter@20ae0fb7, org.springframework.security.web.header.HeaderWriterFilter@ffb2b19, org.springframework.web.filter.CorsFilter@7a9aeec4, org.springframework.security.web.authentication.logout.LogoutFilter@7b34b027, org.springframework.security.web.savedrequest.RequestCacheAwareFilter@706bc42c, org.springframework.security.web.servletapi.SecurityContextHolderAwareRequestFilter@269e9adb, org.springframework.security.web.authentication.AnonymousAuthenticationFilter@71ef4614, org.springframework.security.web.session.SessionManagementFilter@62fdfb32, org.springframework.security.web.access.ExceptionTranslationFilter@6bc77a54, org.springframework.security.web.access.intercept.FilterSecurityInterceptor@6a3af762]
2025-09-02 07:36:36.007  INFO 23285 --- [  restartedMain] o.s.b.d.a.OptionalLiveReloadServer       : LiveReload server is running on port 35729
2025-09-02 07:36:36.011  INFO 23285 --- [  restartedMain] o.s.b.w.embedded.tomcat.TomcatWebServer  : Tomcat started on port(s): 8080 (http) with context path ''
2025-09-02 07:36:36.014  INFO 23285 --- [  restartedMain] c.examly.springapp.SpringappApplication  : Started SpringappApplication in 0.434 seconds (JVM running for 199.861)
2025-09-02 07:36:36.015  INFO 23285 --- [  restartedMain] .ConditionEvaluationDeltaLoggingListener : Condition evaluation unchanged
2025-09-02 07:37:17.569  INFO 23285 --- [nio-8080-exec-1] o.a.c.c.C.[Tomcat].[localhost].[/]       : Initializing Spring DispatcherServlet 'dispatcherServlet'
2025-09-02 07:37:17.569  INFO 23285 --- [nio-8080-exec-1] o.s.web.servlet.DispatcherServlet        : Initializing Servlet 'dispatcherServlet'
2025-09-02 07:37:17.571  INFO 23285 --- [nio-8080-exec-1] o.s.web.servlet.DispatcherServlet        : Completed initialization in 1 ms
Hibernate: insert into tutor (experience, name, phone_number, qualification, subject) values (?, ?, ?, ?, ?)
Hibernate: select user0_.id as id1_5_, user0_.created_at as created_2_5_, user0_.email as email3_5_, user0_.enabled as enabled4_5_, user0_.last_login as last_log5_5_, user0_.password as password6_5_, user0_.role as role7_5_, user0_.two_factor_enabled as two_fact8_5_, user0_.two_factor_secret as two_fact9_5_, user0_.username as usernam10_5_ from users user0_ where user0_.username=?
Hibernate: select user0_.id as id1_5_, user0_.created_at as created_2_5_, user0_.email as email3_5_, user0_.enabled as enabled4_5_, user0_.last_login as last_log5_5_, user0_.password as password6_5_, user0_.role as role7_5_, user0_.two_factor_enabled as two_fact8_5_, user0_.two_factor_secret as two_fact9_5_, user0_.username as usernam10_5_ from users user0_ where user0_.username=?
Hibernate: select notificati0_.id as id1_3_, notificati0_.channel as channel2_3_, notificati0_.created_at as created_3_3_, notificati0_.message as message4_3_, notificati0_.read as read5_3_, notificati0_.sent as sent6_3_, notificati0_.sent_at as sent_at7_3_, notificati0_.title as title8_3_, notificati0_.type as type9_3_, notificati0_.user_id as user_id10_3_ from notifications notificati0_ where notificati0_.user_id=?
Hibernate: select count(notificati0_.id) as col_0_0_ from notifications notificati0_ where notificati0_.user_id=? and notificati0_.read=0
2025-09-02 07:37:23.028  WARN 23285 --- [nio-8080-exec-2] o.h.engine.jdbc.spi.SqlExceptionHelper   : SQL Error: 1146, SQLState: 42S02
2025-09-02 07:37:23.028  WARN 23285 --- [nio-8080-exec-3] o.h.engine.jdbc.spi.SqlExceptionHelper   : SQL Error: 1146, SQLState: 42S02
2025-09-02 07:37:23.028 ERROR 23285 --- [nio-8080-exec-2] o.h.engine.jdbc.spi.SqlExceptionHelper   : Table 'appdb.notifications' doesn't exist
2025-09-02 07:37:23.028 ERROR 23285 --- [nio-8080-exec-3] o.h.engine.jdbc.spi.SqlExceptionHelper   : Table 'appdb.notifications' doesn't exist
2025-09-02 07:37:23.031 ERROR 23285 --- [nio-8080-exec-2] o.a.c.c.C.[.[.[/].[dispatcherServlet]    : Servlet.service() for servlet [dispatcherServlet] in context with path [] threw exception [Request processing failed; nested exception is org.springframework.dao.InvalidDataAccessResourceUsageException: could not extract ResultSet; SQL [n/a]; nested exception is org.hibernate.exception.SQLGrammarException: could not extract ResultSet] with root cause

java.sql.SQLSyntaxErrorException: Table 'appdb.notifications' doesn't exist
	at com.mysql.cj.jdbc.exceptions.SQLError.createSQLException(SQLError.java:120) ~[mysql-connector-j-8.0.32.jar:8.0.32]
	at com.mysql.cj.jdbc.exceptions.SQLExceptionsMapping.translateException(SQLExceptionsMapping.java:122) ~[mysql-connector-j-8.0.32.jar:8.0.32]
	at com.mysql.cj.jdbc.ClientPreparedStatement.executeInternal(ClientPreparedStatement.java:916) ~[mysql-connector-j-8.0.32.jar:8.0.32]
	at com.mysql.cj.jdbc.ClientPreparedStatement.executeQuery(ClientPreparedStatement.java:972) ~[mysql-connector-j-8.0.32.jar:8.0.32]
	at com.zaxxer.hikari.pool.ProxyPreparedStatement.executeQuery(ProxyPreparedStatement.java:52) ~[HikariCP-4.0.3.jar:na]
	at com.zaxxer.hikari.pool.HikariProxyPreparedStatement.executeQuery(HikariProxyPreparedStatement.java) ~[HikariCP-4.0.3.jar:na]
	at org.hibernate.engine.jdbc.internal.ResultSetReturnImpl.extract(ResultSetReturnImpl.java:57) ~[hibernate-core-5.6.15.Final.jar:5.6.15.Final]
	at org.hibernate.loader.Loader.getResultSet(Loader.java:2322) ~[hibernate-core-5.6.15.Final.jar:5.6.15.Final]
	at org.hibernate.loader.Loader.executeQueryStatement(Loader.java:2075) ~[hibernate-core-5.6.15.Final.jar:5.6.15.Final]
	at org.hibernate.loader.Loader.executeQueryStatement(Loader.java:2037) ~[hibernate-core-5.6.15.Final.jar:5.6.15.Final]
	at org.hibernate.loader.Loader.doQuery(Loader.java:956) ~[hibernate-core-5.6.15.Final.jar:5.6.15.Final]
	at org.hibernate.loader.Loader.doQueryAndInitializeNonLazyCollections(Loader.java:357) ~[hibernate-core-5.6.15.Final.jar:5.6.15.Final]
	at org.hibernate.loader.Loader.doList(Loader.java:2868) ~[hibernate-core-5.6.15.Final.jar:5.6.15.Final]
	at org.hibernate.loader.Loader.doList(Loader.java:2850) ~[hibernate-core-5.6.15.Final.jar:5.6.15.Final]
	at org.hibernate.loader.Loader.listIgnoreQueryCache(Loader.java:2682) ~[hibernate-core-5.6.15.Final.jar:5.6.15.Final]
	at org.hibernate.loader.Loader.list(Loader.java:2677) ~[hibernate-core-5.6.15.Final.jar:5.6.15.Final]
	at org.hibernate.loader.hql.QueryLoader.list(QueryLoader.java:540) ~[hibernate-core-5.6.15.Final.jar:5.6.15.Final]
	at org.hibernate.hql.internal.ast.QueryTranslatorImpl.list(QueryTranslatorImpl.java:400) ~[hibernate-core-5.6.15.Final.jar:5.6.15.Final]
	at org.hibernate.engine.query.spi.HQLQueryPlan.performList(HQLQueryPlan.java:218) ~[hibernate-core-5.6.15.Final.jar:5.6.15.Final]
	at org.hibernate.internal.SessionImpl.list(SessionImpl.java:1459) ~[hibernate-core-5.6.15.Final.jar:5.6.15.Final]
	at org.hibernate.query.internal.AbstractProducedQuery.doList(AbstractProducedQuery.java:1649) ~[hibernate-core-5.6.15.Final.jar:5.6.15.Final]
	at org.hibernate.query.internal.AbstractProducedQuery.list(AbstractProducedQuery.java:1617) ~[hibernate-core-5.6.15.Final.jar:5.6.15.Final]
	at org.hibernate.query.Query.getResultList(Query.java:165) ~[hibernate-core-5.6.15.Final.jar:5.6.15.Final]
	at org.hibernate.query.criteria.internal.compile.CriteriaQueryTypeQueryAdapter.getResultList(CriteriaQueryTypeQueryAdapter.java:76) ~[hibernate-core-5.6.15.Final.jar:5.6.15.Final]
	at org.springframework.data.jpa.repository.query.JpaQueryExecution$CollectionExecution.doExecute(JpaQueryExecution.java:128) ~[spring-data-jpa-2.7.14.jar:2.7.14]
	at org.springframework.data.jpa.repository.query.JpaQueryExecution.execute(JpaQueryExecution.java:90) ~[spring-data-jpa-2.7.14.jar:2.7.14]
	at org.springframework.data.jpa.repository.query.AbstractJpaQuery.doExecute(AbstractJpaQuery.java:156) ~[spring-data-jpa-2.7.14.jar:2.7.14]
	at org.springframework.data.jpa.repository.query.AbstractJpaQuery.execute(AbstractJpaQuery.java:144) ~[spring-data-jpa-2.7.14.jar:2.7.14]
	at org.springframework.data.repository.core.support.RepositoryMethodInvoker.doInvoke(RepositoryMethodInvoker.java:137) ~[spring-data-commons-2.7.14.jar:2.7.14]
	at org.springframework.data.repository.core.support.RepositoryMethodInvoker.invoke(RepositoryMethodInvoker.java:121) ~[spring-data-commons-2.7.14.jar:2.7.14]
	at org.springframework.data.repository.core.support.QueryExecutorMethodInterceptor.doInvoke(QueryExecutorMethodInterceptor.java:160) ~[spring-data-commons-2.7.14.jar:2.7.14]
	at org.springframework.data.repository.core.support.QueryExecutorMethodInterceptor.invoke(QueryExecutorMethodInterceptor.java:139) ~[spring-data-commons-2.7.14.jar:2.7.14]
	at org.springframework.aop.framework.ReflectiveMethodInvocation.proceed(ReflectiveMethodInvocation.java:186) ~[spring-aop-5.3.29.jar:5.3.29]
	at org.springframework.data.projection.DefaultMethodInvokingMethodInterceptor.invoke(DefaultMethodInvokingMethodInterceptor.java:76) ~[spring-data-commons-2.7.14.jar:2.7.14]
	at org.springframework.aop.framework.ReflectiveMethodInvocation.proceed(ReflectiveMethodInvocation.java:186) ~[spring-aop-5.3.29.jar:5.3.29]
	at org.springframework.transaction.interceptor.TransactionInterceptor$1.proceedWithInvocation(TransactionInterceptor.java:123) ~[spring-tx-5.3.29.jar:5.3.29]
	at org.springframework.transaction.interceptor.TransactionAspectSupport.invokeWithinTransaction(TransactionAspectSupport.java:388) ~[spring-tx-5.3.29.jar:5.3.29]
	at org.springframework.transaction.interceptor.TransactionInterceptor.invoke(TransactionInterceptor.java:119) ~[spring-tx-5.3.29.jar:5.3.29]
	at org.springframework.aop.framework.ReflectiveMethodInvocation.proceed(ReflectiveMethodInvocation.java:186) ~[spring-aop-5.3.29.jar:5.3.29]
	at org.springframework.dao.support.PersistenceExceptionTranslationInterceptor.invoke(PersistenceExceptionTranslationInterceptor.java:137) ~[spring-tx-5.3.29.jar:5.3.29]
	at org.springframework.aop.framework.ReflectiveMethodInvocation.proceed(ReflectiveMethodInvocation.java:186) ~[spring-aop-5.3.29.jar:5.3.29]
	at org.springframework.data.jpa.repository.support.CrudMethodMetadataPostProcessor$CrudMethodMetadataPopulatingMethodInterceptor.invoke(CrudMethodMetadataPostProcessor.java:145) ~[spring-data-jpa-2.7.14.jar:2.7.14]
	at org.springframework.aop.framework.ReflectiveMethodInvocation.proceed(ReflectiveMethodInvocation.java:186) ~[spring-aop-5.3.29.jar:5.3.29]
	at org.springframework.aop.interceptor.ExposeInvocationInterceptor.invoke(ExposeInvocationInterceptor.java:97) ~[spring-aop-5.3.29.jar:5.3.29]
	at org.springframework.aop.framework.ReflectiveMethodInvocation.proceed(ReflectiveMethodInvocation.java:186) ~[spring-aop-5.3.29.jar:5.3.29]
	at org.springframework.aop.framework.JdkDynamicAopProxy.invoke(JdkDynamicAopProxy.java:241) ~[spring-aop-5.3.29.jar:5.3.29]
	at jdk.proxy6/jdk.proxy6.$Proxy148.findByUser(Unknown Source) ~[na:na]
	at com.examly.springapp.service.NotificationService.getUserNotifications(NotificationService.java:36) ~[classes/:na]
	at com.examly.springapp.controller.NotificationController.getUserNotifications(NotificationController.java:28) ~[classes/:na]
	at java.base/jdk.internal.reflect.NativeMethodAccessorImpl.invoke0(Native Method) ~[na:na]
	at java.base/jdk.internal.reflect.NativeMethodAccessorImpl.invoke(NativeMethodAccessorImpl.java:77) ~[na:na]
	at java.base/jdk.internal.reflect.DelegatingMethodAccessorImpl.invoke(DelegatingMethodAccessorImpl.java:43) ~[na:na]
	at java.base/java.lang.reflect.Method.invoke(Method.java:569) ~[na:na]
	at org.springframework.web.method.support.InvocableHandlerMethod.doInvoke(InvocableHandlerMethod.java:205) ~[spring-web-5.3.29.jar:5.3.29]
	at org.springframework.web.method.support.InvocableHandlerMethod.invokeForRequest(InvocableHandlerMethod.java:150) ~[spring-web-5.3.29.jar:5.3.29]
	at org.springframework.web.servlet.mvc.method.annotation.ServletInvocableHandlerMethod.invokeAndHandle(ServletInvocableHandlerMethod.java:117) ~[spring-webmvc-5.3.29.jar:5.3.29]
	at org.springframework.web.servlet.mvc.method.annotation.RequestMappingHandlerAdapter.invokeHandlerMethod(RequestMappingHandlerAdapter.java:895) ~[spring-webmvc-5.3.29.jar:5.3.29]
	at org.springframework.web.servlet.mvc.method.annotation.RequestMappingHandlerAdapter.handleInternal(RequestMappingHandlerAdapter.java:808) ~[spring-webmvc-5.3.29.jar:5.3.29]
	at org.springframework.web.servlet.mvc.method.AbstractHandlerMethodAdapter.handle(AbstractHandlerMethodAdapter.java:87) ~[spring-webmvc-5.3.29.jar:5.3.29]
	at org.springframework.web.servlet.DispatcherServlet.doDispatch(DispatcherServlet.java:1072) ~[spring-webmvc-5.3.29.jar:5.3.29]
	at org.springframework.web.servlet.DispatcherServlet.doService(DispatcherServlet.java:965) ~[spring-webmvc-5.3.29.jar:5.3.29]
	at org.springframework.web.servlet.FrameworkServlet.processRequest(FrameworkServlet.java:1006) ~[spring-webmvc-5.3.29.jar:5.3.29]
	at org.springframework.web.servlet.FrameworkServlet.doGet(FrameworkServlet.java:898) ~[spring-webmvc-5.3.29.jar:5.3.29]
	at javax.servlet.http.HttpServlet.service(HttpServlet.java:529) ~[tomcat-embed-core-9.0.78.jar:4.0.FR]
	at org.springframework.web.servlet.FrameworkServlet.service(FrameworkServlet.java:883) ~[spring-webmvc-5.3.29.jar:5.3.29]
	at javax.servlet.http.HttpServlet.service(HttpServlet.java:623) ~[tomcat-embed-core-9.0.78.jar:4.0.FR]
	at org.apache.catalina.core.ApplicationFilterChain.internalDoFilter(ApplicationFilterChain.java:209) ~[tomcat-embed-core-9.0.78.jar:9.0.78]
	at org.apache.catalina.core.ApplicationFilterChain.doFilter(ApplicationFilterChain.java:153) ~[tomcat-embed-core-9.0.78.jar:9.0.78]
	at org.apache.tomcat.websocket.server.WsFilter.doFilter(WsFilter.java:51) ~[tomcat-embed-websocket-9.0.78.jar:9.0.78]
	at org.apache.catalina.core.ApplicationFilterChain.internalDoFilter(ApplicationFilterChain.java:178) ~[tomcat-embed-core-9.0.78.jar:9.0.78]
	at org.apache.catalina.core.ApplicationFilterChain.doFilter(ApplicationFilterChain.java:153) ~[tomcat-embed-core-9.0.78.jar:9.0.78]
	at org.springframework.security.web.FilterChainProxy$VirtualFilterChain.doFilter(FilterChainProxy.java:337) ~[spring-security-web-5.7.10.jar:5.7.10]
	at org.springframework.security.web.access.intercept.FilterSecurityInterceptor.invoke(FilterSecurityInterceptor.java:115) ~[spring-security-web-5.7.10.jar:5.7.10]
	at org.springframework.security.web.access.intercept.FilterSecurityInterceptor.doFilter(FilterSecurityInterceptor.java:81) ~[spring-security-web-5.7.10.jar:5.7.10]
	at org.springframework.security.web.FilterChainProxy$VirtualFilterChain.doFilter(FilterChainProxy.java:346) ~[spring-security-web-5.7.10.jar:5.7.10]
	at org.springframework.security.web.access.ExceptionTranslationFilter.doFilter(ExceptionTranslationFilter.java:122) ~[spring-security-web-5.7.10.jar:5.7.10]
	at org.springframework.security.web.access.ExceptionTranslationFilter.doFilter(ExceptionTranslationFilter.java:116) ~[spring-security-web-5.7.10.jar:5.7.10]
	at org.springframework.security.web.FilterChainProxy$VirtualFilterChain.doFilter(FilterChainProxy.java:346) ~[spring-security-web-5.7.10.jar:5.7.10]
	at org.springframework.security.web.session.SessionManagementFilter.doFilter(SessionManagementFilter.java:126) ~[spring-security-web-5.7.10.jar:5.7.10]
	at org.springframework.security.web.session.SessionManagementFilter.doFilter(SessionManagementFilter.java:81) ~[spring-security-web-5.7.10.jar:5.7.10]
	at org.springframework.security.web.FilterChainProxy$VirtualFilterChain.doFilter(FilterChainProxy.java:346) ~[spring-security-web-5.7.10.jar:5.7.10]
	at org.springframework.security.web.authentication.AnonymousAuthenticationFilter.doFilter(AnonymousAuthenticationFilter.java:109) ~[spring-security-web-5.7.10.jar:5.7.10]
	at org.springframework.security.web.FilterChainProxy$VirtualFilterChain.doFilter(FilterChainProxy.java:346) ~[spring-security-web-5.7.10.jar:5.7.10]
	at org.springframework.security.web.servletapi.SecurityContextHolderAwareRequestFilter.doFilter(SecurityContextHolderAwareRequestFilter.java:149) ~[spring-security-web-5.7.10.jar:5.7.10]
	at org.springframework.security.web.FilterChainProxy$VirtualFilterChain.doFilter(FilterChainProxy.java:346) ~[spring-security-web-5.7.10.jar:5.7.10]
	at org.springframework.security.web.savedrequest.RequestCacheAwareFilter.doFilter(RequestCacheAwareFilter.java:63) ~[spring-security-web-5.7.10.jar:5.7.10]
	at org.springframework.security.web.FilterChainProxy$VirtualFilterChain.doFilter(FilterChainProxy.java:346) ~[spring-security-web-5.7.10.jar:5.7.10]
	at org.springframework.security.web.authentication.logout.LogoutFilter.doFilter(LogoutFilter.java:103) ~[spring-security-web-5.7.10.jar:5.7.10]
	at org.springframework.security.web.authentication.logout.LogoutFilter.doFilter(LogoutFilter.java:89) ~[spring-security-web-5.7.10.jar:5.7.10]
	at org.springframework.security.web.FilterChainProxy$VirtualFilterChain.doFilter(FilterChainProxy.java:346) ~[spring-security-web-5.7.10.jar:5.7.10]
	at org.springframework.web.filter.CorsFilter.doFilterInternal(CorsFilter.java:91) ~[spring-web-5.3.29.jar:5.3.29]
	at org.springframework.web.filter.OncePerRequestFilter.doFilter(OncePerRequestFilter.java:117) ~[spring-web-5.3.29.jar:5.3.29]
	at org.springframework.security.web.FilterChainProxy$VirtualFilterChain.doFilter(FilterChainProxy.java:346) ~[spring-security-web-5.7.10.jar:5.7.10]
	at org.springframework.security.web.header.HeaderWriterFilter.doHeadersAfter(HeaderWriterFilter.java:90) ~[spring-security-web-5.7.10.jar:5.7.10]
	at org.springframework.security.web.header.HeaderWriterFilter.doFilterInternal(HeaderWriterFilter.java:75) ~[spring-security-web-5.7.10.jar:5.7.10]
	at org.springframework.web.filter.OncePerRequestFilter.doFilter(OncePerRequestFilter.java:117) ~[spring-web-5.3.29.jar:5.3.29]
	at org.springframework.security.web.FilterChainProxy$VirtualFilterChain.doFilter(FilterChainProxy.java:346) ~[spring-security-web-5.7.10.jar:5.7.10]
	at org.springframework.security.web.context.SecurityContextPersistenceFilter.doFilter(SecurityContextPersistenceFilter.java:112) ~[spring-security-web-5.7.10.jar:5.7.10]
	at org.springframework.security.web.context.SecurityContextPersistenceFilter.doFilter(SecurityContextPersistenceFilter.java:82) ~[spring-security-web-5.7.10.jar:5.7.10]
	at org.springframework.security.web.FilterChainProxy$VirtualFilterChain.doFilter(FilterChainProxy.java:346) ~[spring-security-web-5.7.10.jar:5.7.10]
	at org.springframework.security.web.context.request.async.WebAsyncManagerIntegrationFilter.doFilterInternal(WebAsyncManagerIntegrationFilter.java:55) ~[spring-security-web-5.7.10.jar:5.7.10]
	at org.springframework.web.filter.OncePerRequestFilter.doFilter(OncePerRequestFilter.java:117) ~[spring-web-5.3.29.jar:5.3.29]
	at org.springframework.security.web.FilterChainProxy$VirtualFilterChain.doFilter(FilterChainProxy.java:346) ~[spring-security-web-5.7.10.jar:5.7.10]
	at org.springframework.security.web.session.DisableEncodeUrlFilter.doFilterInternal(DisableEncodeUrlFilter.java:42) ~[spring-security-web-5.7.10.jar:5.7.10]
	at org.springframework.web.filter.OncePerRequestFilter.doFilter(OncePerRequestFilter.java:117) ~[spring-web-5.3.29.jar:5.3.29]
	at org.springframework.security.web.FilterChainProxy$VirtualFilterChain.doFilter(FilterChainProxy.java:346) ~[spring-security-web-5.7.10.jar:5.7.10]
	at org.springframework.security.web.FilterChainProxy.doFilterInternal(FilterChainProxy.java:221) ~[spring-security-web-5.7.10.jar:5.7.10]
	at org.springframework.security.web.FilterChainProxy.doFilter(FilterChainProxy.java:186) ~[spring-security-web-5.7.10.jar:5.7.10]
	at org.springframework.web.filter.DelegatingFilterProxy.invokeDelegate(DelegatingFilterProxy.java:354) ~[spring-web-5.3.29.jar:5.3.29]
	at org.springframework.web.filter.DelegatingFilterProxy.doFilter(DelegatingFilterProxy.java:267) ~[spring-web-5.3.29.jar:5.3.29]
	at org.apache.catalina.core.ApplicationFilterChain.internalDoFilter(ApplicationFilterChain.java:178) ~[tomcat-embed-core-9.0.78.jar:9.0.78]
	at org.apache.catalina.core.ApplicationFilterChain.doFilter(ApplicationFilterChain.java:153) ~[tomcat-embed-core-9.0.78.jar:9.0.78]
	at org.springframework.web.filter.RequestContextFilter.doFilterInternal(RequestContextFilter.java:100) ~[spring-web-5.3.29.jar:5.3.29]
	at org.springframework.web.filter.OncePerRequestFilter.doFilter(OncePerRequestFilter.java:117) ~[spring-web-5.3.29.jar:5.3.29]
	at org.apache.catalina.core.ApplicationFilterChain.internalDoFilter(ApplicationFilterChain.java:178) ~[tomcat-embed-core-9.0.78.jar:9.0.78]
	at org.apache.catalina.core.ApplicationFilterChain.doFilter(ApplicationFilterChain.java:153) ~[tomcat-embed-core-9.0.78.jar:9.0.78]
	at org.springframework.web.filter.FormContentFilter.doFilterInternal(FormContentFilter.java:93) ~[spring-web-5.3.29.jar:5.3.29]
	at org.springframework.web.filter.OncePerRequestFilter.doFilter(OncePerRequestFilter.java:117) ~[spring-web-5.3.29.jar:5.3.29]
	at org.apache.catalina.core.ApplicationFilterChain.internalDoFilter(ApplicationFilterChain.java:178) ~[tomcat-embed-core-9.0.78.jar:9.0.78]
	at org.apache.catalina.core.ApplicationFilterChain.doFilter(ApplicationFilterChain.java:153) ~[tomcat-embed-core-9.0.78.jar:9.0.78]
	at org.springframework.web.filter.CharacterEncodingFilter.doFilterInternal(CharacterEncodingFilter.java:201) ~[spring-web-5.3.29.jar:5.3.29]
	at org.springframework.web.filter.OncePerRequestFilter.doFilter(OncePerRequestFilter.java:117) ~[spring-web-5.3.29.jar:5.3.29]
	at org.apache.catalina.core.ApplicationFilterChain.internalDoFilter(ApplicationFilterChain.java:178) ~[tomcat-embed-core-9.0.78.jar:9.0.78]
	at org.apache.catalina.core.ApplicationFilterChain.doFilter(ApplicationFilterChain.java:153) ~[tomcat-embed-core-9.0.78.jar:9.0.78]
	at org.apache.catalina.core.StandardWrapperValve.invoke(StandardWrapperValve.java:167) ~[tomcat-embed-core-9.0.78.jar:9.0.78]
	at org.apache.catalina.core.StandardContextValve.invoke(StandardContextValve.java:90) ~[tomcat-embed-core-9.0.78.jar:9.0.78]
	at org.apache.catalina.authenticator.AuthenticatorBase.invoke(AuthenticatorBase.java:481) ~[tomcat-embed-core-9.0.78.jar:9.0.78]
	at org.apache.catalina.core.StandardHostValve.invoke(StandardHostValve.java:130) ~[tomcat-embed-core-9.0.78.jar:9.0.78]
	at org.apache.catalina.valves.ErrorReportValve.invoke(ErrorReportValve.java:93) ~[tomcat-embed-core-9.0.78.jar:9.0.78]
	at org.apache.catalina.core.StandardEngineValve.invoke(StandardEngineValve.java:74) ~[tomcat-embed-core-9.0.78.jar:9.0.78]
	at org.apache.catalina.valves.RemoteIpValve.invoke(RemoteIpValve.java:768) ~[tomcat-embed-core-9.0.78.jar:9.0.78]
	at org.apache.catalina.connector.CoyoteAdapter.service(CoyoteAdapter.java:343) ~[tomcat-embed-core-9.0.78.jar:9.0.78]
	at org.apache.coyote.http11.Http11Processor.service(Http11Processor.java:390) ~[tomcat-embed-core-9.0.78.jar:9.0.78]
	at org.apache.coyote.AbstractProcessorLight.process(AbstractProcessorLight.java:63) ~[tomcat-embed-core-9.0.78.jar:9.0.78]
	at org.apache.coyote.AbstractProtocol$ConnectionHandler.process(AbstractProtocol.java:926) ~[tomcat-embed-core-9.0.78.jar:9.0.78]
	at org.apache.tomcat.util.net.NioEndpoint$SocketProcessor.doRun(NioEndpoint.java:1791) ~[tomcat-embed-core-9.0.78.jar:9.0.78]
	at org.apache.tomcat.util.net.SocketProcessorBase.run(SocketProcessorBase.java:52) ~[tomcat-embed-core-9.0.78.jar:9.0.78]
	at org.apache.tomcat.util.threads.ThreadPoolExecutor.runWorker(ThreadPoolExecutor.java:1191) ~[tomcat-embed-core-9.0.78.jar:9.0.78]
	at org.apache.tomcat.util.threads.ThreadPoolExecutor$Worker.run(ThreadPoolExecutor.java:659) ~[tomcat-embed-core-9.0.78.jar:9.0.78]
	at org.apache.tomcat.util.threads.TaskThread$WrappingRunnable.run(TaskThread.java:61) ~[tomcat-embed-core-9.0.78.jar:9.0.78]
	at java.base/java.lang.Thread.run(Thread.java:840) ~[na:na]

2025-09-02 07:37:23.031 ERROR 23285 --- [nio-8080-exec-3] o.a.c.c.C.[.[.[/].[dispatcherServlet]    : Servlet.service() for servlet [dispatcherServlet] in context with path [] threw exception [Request processing failed; nested exception is org.springframework.dao.InvalidDataAccessResourceUsageException: could not extract ResultSet; SQL [n/a]; nested exception is org.hibernate.exception.SQLGrammarException: could not extract ResultSet] with root cause

java.sql.SQLSyntaxErrorException: Table 'appdb.notifications' doesn't exist
	at com.mysql.cj.jdbc.exceptions.SQLError.createSQLException(SQLError.java:120) ~[mysql-connector-j-8.0.32.jar:8.0.32]
	at com.mysql.cj.jdbc.exceptions.SQLExceptionsMapping.translateException(SQLExceptionsMapping.java:122) ~[mysql-connector-j-8.0.32.jar:8.0.32]
	at com.mysql.cj.jdbc.ClientPreparedStatement.executeInternal(ClientPreparedStatement.java:916) ~[mysql-connector-j-8.0.32.jar:8.0.32]
	at com.mysql.cj.jdbc.ClientPreparedStatement.executeQuery(ClientPreparedStatement.java:972) ~[mysql-connector-j-8.0.32.jar:8.0.32]
	at com.zaxxer.hikari.pool.ProxyPreparedStatement.executeQuery(ProxyPreparedStatement.java:52) ~[HikariCP-4.0.3.jar:na]
	at com.zaxxer.hikari.pool.HikariProxyPreparedStatement.executeQuery(HikariProxyPreparedStatement.java) ~[HikariCP-4.0.3.jar:na]
	at org.hibernate.engine.jdbc.internal.ResultSetReturnImpl.extract(ResultSetReturnImpl.java:57) ~[hibernate-core-5.6.15.Final.jar:5.6.15.Final]
	at org.hibernate.loader.Loader.getResultSet(Loader.java:2322) ~[hibernate-core-5.6.15.Final.jar:5.6.15.Final]
	at org.hibernate.loader.Loader.executeQueryStatement(Loader.java:2075) ~[hibernate-core-5.6.15.Final.jar:5.6.15.Final]
	at org.hibernate.loader.Loader.executeQueryStatement(Loader.java:2037) ~[hibernate-core-5.6.15.Final.jar:5.6.15.Final]
	at org.hibernate.loader.Loader.doQuery(Loader.java:956) ~[hibernate-core-5.6.15.Final.jar:5.6.15.Final]
	at org.hibernate.loader.Loader.doQueryAndInitializeNonLazyCollections(Loader.java:357) ~[hibernate-core-5.6.15.Final.jar:5.6.15.Final]
	at org.hibernate.loader.Loader.doList(Loader.java:2868) ~[hibernate-core-5.6.15.Final.jar:5.6.15.Final]
	at org.hibernate.loader.Loader.doList(Loader.java:2850) ~[hibernate-core-5.6.15.Final.jar:5.6.15.Final]
	at org.hibernate.loader.Loader.listIgnoreQueryCache(Loader.java:2682) ~[hibernate-core-5.6.15.Final.jar:5.6.15.Final]
	at org.hibernate.loader.Loader.list(Loader.java:2677) ~[hibernate-core-5.6.15.Final.jar:5.6.15.Final]
	at org.hibernate.loader.hql.QueryLoader.list(QueryLoader.java:540) ~[hibernate-core-5.6.15.Final.jar:5.6.15.Final]
	at org.hibernate.hql.internal.ast.QueryTranslatorImpl.list(QueryTranslatorImpl.java:400) ~[hibernate-core-5.6.15.Final.jar:5.6.15.Final]
	at org.hibernate.engine.query.spi.HQLQueryPlan.performList(HQLQueryPlan.java:218) ~[hibernate-core-5.6.15.Final.jar:5.6.15.Final]
	at org.hibernate.internal.SessionImpl.list(SessionImpl.java:1459) ~[hibernate-core-5.6.15.Final.jar:5.6.15.Final]
	at org.hibernate.query.internal.AbstractProducedQuery.doList(AbstractProducedQuery.java:1649) ~[hibernate-core-5.6.15.Final.jar:5.6.15.Final]
	at org.hibernate.query.internal.AbstractProducedQuery.list(AbstractProducedQuery.java:1617) ~[hibernate-core-5.6.15.Final.jar:5.6.15.Final]
	at org.hibernate.query.internal.AbstractProducedQuery.getSingleResult(AbstractProducedQuery.java:1665) ~[hibernate-core-5.6.15.Final.jar:5.6.15.Final]
	at org.hibernate.query.criteria.internal.compile.CriteriaQueryTypeQueryAdapter.getSingleResult(CriteriaQueryTypeQueryAdapter.java:111) ~[hibernate-core-5.6.15.Final.jar:5.6.15.Final]
	at org.springframework.data.jpa.repository.query.JpaQueryExecution$SingleEntityExecution.doExecute(JpaQueryExecution.java:198) ~[spring-data-jpa-2.7.14.jar:2.7.14]
	at org.springframework.data.jpa.repository.query.JpaQueryExecution.execute(JpaQueryExecution.java:90) ~[spring-data-jpa-2.7.14.jar:2.7.14]
	at org.springframework.data.jpa.repository.query.AbstractJpaQuery.doExecute(AbstractJpaQuery.java:156) ~[spring-data-jpa-2.7.14.jar:2.7.14]
	at org.springframework.data.jpa.repository.query.AbstractJpaQuery.execute(AbstractJpaQuery.java:144) ~[spring-data-jpa-2.7.14.jar:2.7.14]
	at org.springframework.data.repository.core.support.RepositoryMethodInvoker.doInvoke(RepositoryMethodInvoker.java:137) ~[spring-data-commons-2.7.14.jar:2.7.14]
	at org.springframework.data.repository.core.support.RepositoryMethodInvoker.invoke(RepositoryMethodInvoker.java:121) ~[spring-data-commons-2.7.14.jar:2.7.14]
	at org.springframework.data.repository.core.support.QueryExecutorMethodInterceptor.doInvoke(QueryExecutorMethodInterceptor.java:160) ~[spring-data-commons-2.7.14.jar:2.7.14]
	at org.springframework.data.repository.core.support.QueryExecutorMethodInterceptor.invoke(QueryExecutorMethodInterceptor.java:139) ~[spring-data-commons-2.7.14.jar:2.7.14]
	at org.springframework.aop.framework.ReflectiveMethodInvocation.proceed(ReflectiveMethodInvocation.java:186) ~[spring-aop-5.3.29.jar:5.3.29]
	at org.springframework.data.projection.DefaultMethodInvokingMethodInterceptor.invoke(DefaultMethodInvokingMethodInterceptor.java:76) ~[spring-data-commons-2.7.14.jar:2.7.14]
	at org.springframework.aop.framework.ReflectiveMethodInvocation.proceed(ReflectiveMethodInvocation.java:186) ~[spring-aop-5.3.29.jar:5.3.29]
	at org.springframework.transaction.interceptor.TransactionInterceptor$1.proceedWithInvocation(TransactionInterceptor.java:123) ~[spring-tx-5.3.29.jar:5.3.29]
	at org.springframework.transaction.interceptor.TransactionAspectSupport.invokeWithinTransaction(TransactionAspectSupport.java:388) ~[spring-tx-5.3.29.jar:5.3.29]
	at org.springframework.transaction.interceptor.TransactionInterceptor.invoke(TransactionInterceptor.java:119) ~[spring-tx-5.3.29.jar:5.3.29]
	at org.springframework.aop.framework.ReflectiveMethodInvocation.proceed(ReflectiveMethodInvocation.java:186) ~[spring-aop-5.3.29.jar:5.3.29]
	at org.springframework.dao.support.PersistenceExceptionTranslationInterceptor.invoke(PersistenceExceptionTranslationInterceptor.java:137) ~[spring-tx-5.3.29.jar:5.3.29]
	at org.springframework.aop.framework.ReflectiveMethodInvocation.proceed(ReflectiveMethodInvocation.java:186) ~[spring-aop-5.3.29.jar:5.3.29]
	at org.springframework.data.jpa.repository.support.CrudMethodMetadataPostProcessor$CrudMethodMetadataPopulatingMethodInterceptor.invoke(CrudMethodMetadataPostProcessor.java:145) ~[spring-data-jpa-2.7.14.jar:2.7.14]
	at org.springframework.aop.framework.ReflectiveMethodInvocation.proceed(ReflectiveMethodInvocation.java:186) ~[spring-aop-5.3.29.jar:5.3.29]
	at org.springframework.aop.interceptor.ExposeInvocationInterceptor.invoke(ExposeInvocationInterceptor.java:97) ~[spring-aop-5.3.29.jar:5.3.29]
	at org.springframework.aop.framework.ReflectiveMethodInvocation.proceed(ReflectiveMethodInvocation.java:186) ~[spring-aop-5.3.29.jar:5.3.29]
	at org.springframework.aop.framework.JdkDynamicAopProxy.invoke(JdkDynamicAopProxy.java:241) ~[spring-aop-5.3.29.jar:5.3.29]
	at jdk.proxy6/jdk.proxy6.$Proxy148.countByUserAndReadFalse(Unknown Source) ~[na:na]
	at com.examly.springapp.service.NotificationService.getUnreadCount(NotificationService.java:51) ~[classes/:na]
	at com.examly.springapp.controller.NotificationController.getUnreadCount(NotificationController.java:52) ~[classes/:na]
	at java.base/jdk.internal.reflect.NativeMethodAccessorImpl.invoke0(Native Method) ~[na:na]
	at java.base/jdk.internal.reflect.NativeMethodAccessorImpl.invoke(NativeMethodAccessorImpl.java:77) ~[na:na]
	at java.base/jdk.internal.reflect.DelegatingMethodAccessorImpl.invoke(DelegatingMethodAccessorImpl.java:43) ~[na:na]
	at java.base/java.lang.reflect.Method.invoke(Method.java:569) ~[na:na]
	at org.springframework.web.method.support.InvocableHandlerMethod.doInvoke(InvocableHandlerMethod.java:205) ~[spring-web-5.3.29.jar:5.3.29]
	at org.springframework.web.method.support.InvocableHandlerMethod.invokeForRequest(InvocableHandlerMethod.java:150) ~[spring-web-5.3.29.jar:5.3.29]
	at org.springframework.web.servlet.mvc.method.annotation.ServletInvocableHandlerMethod.invokeAndHandle(ServletInvocableHandlerMethod.java:117) ~[spring-webmvc-5.3.29.jar:5.3.29]
	at org.springframework.web.servlet.mvc.method.annotation.RequestMappingHandlerAdapter.invokeHandlerMethod(RequestMappingHandlerAdapter.java:895) ~[spring-webmvc-5.3.29.jar:5.3.29]
	at org.springframework.web.servlet.mvc.method.annotation.RequestMappingHandlerAdapter.handleInternal(RequestMappingHandlerAdapter.java:808) ~[spring-webmvc-5.3.29.jar:5.3.29]
	at org.springframework.web.servlet.mvc.method.AbstractHandlerMethodAdapter.handle(AbstractHandlerMethodAdapter.java:87) ~[spring-webmvc-5.3.29.jar:5.3.29]
	at org.springframework.web.servlet.DispatcherServlet.doDispatch(DispatcherServlet.java:1072) ~[spring-webmvc-5.3.29.jar:5.3.29]
	at org.springframework.web.servlet.DispatcherServlet.doService(DispatcherServlet.java:965) ~[spring-webmvc-5.3.29.jar:5.3.29]
	at org.springframework.web.servlet.FrameworkServlet.processRequest(FrameworkServlet.java:1006) ~[spring-webmvc-5.3.29.jar:5.3.29]
	at org.springframework.web.servlet.FrameworkServlet.doGet(FrameworkServlet.java:898) ~[spring-webmvc-5.3.29.jar:5.3.29]
	at javax.servlet.http.HttpServlet.service(HttpServlet.java:529) ~[tomcat-embed-core-9.0.78.jar:4.0.FR]
	at org.springframework.web.servlet.FrameworkServlet.service(FrameworkServlet.java:883) ~[spring-webmvc-5.3.29.jar:5.3.29]
	at javax.servlet.http.HttpServlet.service(HttpServlet.java:623) ~[tomcat-embed-core-9.0.78.jar:4.0.FR]
	at org.apache.catalina.core.ApplicationFilterChain.internalDoFilter(ApplicationFilterChain.java:209) ~[tomcat-embed-core-9.0.78.jar:9.0.78]
	at org.apache.catalina.core.ApplicationFilterChain.doFilter(ApplicationFilterChain.java:153) ~[tomcat-embed-core-9.0.78.jar:9.0.78]
	at org.apache.tomcat.websocket.server.WsFilter.doFilter(WsFilter.java:51) ~[tomcat-embed-websocket-9.0.78.jar:9.0.78]
	at org.apache.catalina.core.ApplicationFilterChain.internalDoFilter(ApplicationFilterChain.java:178) ~[tomcat-embed-core-9.0.78.jar:9.0.78]
	at org.apache.catalina.core.ApplicationFilterChain.doFilter(ApplicationFilterChain.java:153) ~[tomcat-embed-core-9.0.78.jar:9.0.78]
	at org.springframework.security.web.FilterChainProxy$VirtualFilterChain.doFilter(FilterChainProxy.java:337) ~[spring-security-web-5.7.10.jar:5.7.10]
	at org.springframework.security.web.access.intercept.FilterSecurityInterceptor.invoke(FilterSecurityInterceptor.java:115) ~[spring-security-web-5.7.10.jar:5.7.10]
	at org.springframework.security.web.access.intercept.FilterSecurityInterceptor.doFilter(FilterSecurityInterceptor.java:81) ~[spring-security-web-5.7.10.jar:5.7.10]
	at org.springframework.security.web.FilterChainProxy$VirtualFilterChain.doFilter(FilterChainProxy.java:346) ~[spring-security-web-5.7.10.jar:5.7.10]
	at org.springframework.security.web.access.ExceptionTranslationFilter.doFilter(ExceptionTranslationFilter.java:122) ~[spring-security-web-5.7.10.jar:5.7.10]
	at org.springframework.security.web.access.ExceptionTranslationFilter.doFilter(ExceptionTranslationFilter.java:116) ~[spring-security-web-5.7.10.jar:5.7.10]
	at org.springframework.security.web.FilterChainProxy$VirtualFilterChain.doFilter(FilterChainProxy.java:346) ~[spring-security-web-5.7.10.jar:5.7.10]
	at org.springframework.security.web.session.SessionManagementFilter.doFilter(SessionManagementFilter.java:126) ~[spring-security-web-5.7.10.jar:5.7.10]
	at org.springframework.security.web.session.SessionManagementFilter.doFilter(SessionManagementFilter.java:81) ~[spring-security-web-5.7.10.jar:5.7.10]
	at org.springframework.security.web.FilterChainProxy$VirtualFilterChain.doFilter(FilterChainProxy.java:346) ~[spring-security-web-5.7.10.jar:5.7.10]
	at org.springframework.security.web.authentication.AnonymousAuthenticationFilter.doFilter(AnonymousAuthenticationFilter.java:109) ~[spring-security-web-5.7.10.jar:5.7.10]
	at org.springframework.security.web.FilterChainProxy$VirtualFilterChain.doFilter(FilterChainProxy.java:346) ~[spring-security-web-5.7.10.jar:5.7.10]
	at org.springframework.security.web.servletapi.SecurityContextHolderAwareRequestFilter.doFilter(SecurityContextHolderAwareRequestFilter.java:149) ~[spring-security-web-5.7.10.jar:5.7.10]
	at org.springframework.security.web.FilterChainProxy$VirtualFilterChain.doFilter(FilterChainProxy.java:346) ~[spring-security-web-5.7.10.jar:5.7.10]
	at org.springframework.security.web.savedrequest.RequestCacheAwareFilter.doFilter(RequestCacheAwareFilter.java:63) ~[spring-security-web-5.7.10.jar:5.7.10]
	at org.springframework.security.web.FilterChainProxy$VirtualFilterChain.doFilter(FilterChainProxy.java:346) ~[spring-security-web-5.7.10.jar:5.7.10]
	at org.springframework.security.web.authentication.logout.LogoutFilter.doFilter(LogoutFilter.java:103) ~[spring-security-web-5.7.10.jar:5.7.10]
	at org.springframework.security.web.authentication.logout.LogoutFilter.doFilter(LogoutFilter.java:89) ~[spring-security-web-5.7.10.jar:5.7.10]
	at org.springframework.security.web.FilterChainProxy$VirtualFilterChain.doFilter(FilterChainProxy.java:346) ~[spring-security-web-5.7.10.jar:5.7.10]
	at org.springframework.web.filter.CorsFilter.doFilterInternal(CorsFilter.java:91) ~[spring-web-5.3.29.jar:5.3.29]
	at org.springframework.web.filter.OncePerRequestFilter.doFilter(OncePerRequestFilter.java:117) ~[spring-web-5.3.29.jar:5.3.29]
	at org.springframework.security.web.FilterChainProxy$VirtualFilterChain.doFilter(FilterChainProxy.java:346) ~[spring-security-web-5.7.10.jar:5.7.10]
	at org.springframework.security.web.header.HeaderWriterFilter.doHeadersAfter(HeaderWriterFilter.java:90) ~[spring-security-web-5.7.10.jar:5.7.10]
	at org.springframework.security.web.header.HeaderWriterFilter.doFilterInternal(HeaderWriterFilter.java:75) ~[spring-security-web-5.7.10.jar:5.7.10]
	at org.springframework.web.filter.OncePerRequestFilter.doFilter(OncePerRequestFilter.java:117) ~[spring-web-5.3.29.jar:5.3.29]
	at org.springframework.security.web.FilterChainProxy$VirtualFilterChain.doFilter(FilterChainProxy.java:346) ~[spring-security-web-5.7.10.jar:5.7.10]
	at org.springframework.security.web.context.SecurityContextPersistenceFilter.doFilter(SecurityContextPersistenceFilter.java:112) ~[spring-security-web-5.7.10.jar:5.7.10]
	at org.springframework.security.web.context.SecurityContextPersistenceFilter.doFilter(SecurityContextPersistenceFilter.java:82) ~[spring-security-web-5.7.10.jar:5.7.10]
	at org.springframework.security.web.FilterChainProxy$VirtualFilterChain.doFilter(FilterChainProxy.java:346) ~[spring-security-web-5.7.10.jar:5.7.10]
	at org.springframework.security.web.context.request.async.WebAsyncManagerIntegrationFilter.doFilterInternal(WebAsyncManagerIntegrationFilter.java:55) ~[spring-security-web-5.7.10.jar:5.7.10]
	at org.springframework.web.filter.OncePerRequestFilter.doFilter(OncePerRequestFilter.java:117) ~[spring-web-5.3.29.jar:5.3.29]
	at org.springframework.security.web.FilterChainProxy$VirtualFilterChain.doFilter(FilterChainProxy.java:346) ~[spring-security-web-5.7.10.jar:5.7.10]
	at org.springframework.security.web.session.DisableEncodeUrlFilter.doFilterInternal(DisableEncodeUrlFilter.java:42) ~[spring-security-web-5.7.10.jar:5.7.10]
	at org.springframework.web.filter.OncePerRequestFilter.doFilter(OncePerRequestFilter.java:117) ~[spring-web-5.3.29.jar:5.3.29]
	at org.springframework.security.web.FilterChainProxy$VirtualFilterChain.doFilter(FilterChainProxy.java:346) ~[spring-security-web-5.7.10.jar:5.7.10]
	at org.springframework.security.web.FilterChainProxy.doFilterInternal(FilterChainProxy.java:221) ~[spring-security-web-5.7.10.jar:5.7.10]
	at org.springframework.security.web.FilterChainProxy.doFilter(FilterChainProxy.java:186) ~[spring-security-web-5.7.10.jar:5.7.10]
	at org.springframework.web.filter.DelegatingFilterProxy.invokeDelegate(DelegatingFilterProxy.java:354) ~[spring-web-5.3.29.jar:5.3.29]
	at org.springframework.web.filter.DelegatingFilterProxy.doFilter(DelegatingFilterProxy.java:267) ~[spring-web-5.3.29.jar:5.3.29]
	at org.apache.catalina.core.ApplicationFilterChain.internalDoFilter(ApplicationFilterChain.java:178) ~[tomcat-embed-core-9.0.78.jar:9.0.78]
	at org.apache.catalina.core.ApplicationFilterChain.doFilter(ApplicationFilterChain.java:153) ~[tomcat-embed-core-9.0.78.jar:9.0.78]
	at org.springframework.web.filter.RequestContextFilter.doFilterInternal(RequestContextFilter.java:100) ~[spring-web-5.3.29.jar:5.3.29]
	at org.springframework.web.filter.OncePerRequestFilter.doFilter(OncePerRequestFilter.java:117) ~[spring-web-5.3.29.jar:5.3.29]
	at org.apache.catalina.core.ApplicationFilterChain.internalDoFilter(ApplicationFilterChain.java:178) ~[tomcat-embed-core-9.0.78.jar:9.0.78]
	at org.apache.catalina.core.ApplicationFilterChain.doFilter(ApplicationFilterChain.java:153) ~[tomcat-embed-core-9.0.78.jar:9.0.78]
	at org.springframework.web.filter.FormContentFilter.doFilterInternal(FormContentFilter.java:93) ~[spring-web-5.3.29.jar:5.3.29]
	at org.springframework.web.filter.OncePerRequestFilter.doFilter(OncePerRequestFilter.java:117) ~[spring-web-5.3.29.jar:5.3.29]
	at org.apache.catalina.core.ApplicationFilterChain.internalDoFilter(ApplicationFilterChain.java:178) ~[tomcat-embed-core-9.0.78.jar:9.0.78]
	at org.apache.catalina.core.ApplicationFilterChain.doFilter(ApplicationFilterChain.java:153) ~[tomcat-embed-core-9.0.78.jar:9.0.78]
	at org.springframework.web.filter.CharacterEncodingFilter.doFilterInternal(CharacterEncodingFilter.java:201) ~[spring-web-5.3.29.jar:5.3.29]
	at org.springframework.web.filter.OncePerRequestFilter.doFilter(OncePerRequestFilter.java:117) ~[spring-web-5.3.29.jar:5.3.29]
	at org.apache.catalina.core.ApplicationFilterChain.internalDoFilter(ApplicationFilterChain.java:178) ~[tomcat-embed-core-9.0.78.jar:9.0.78]
	at org.apache.catalina.core.ApplicationFilterChain.doFilter(ApplicationFilterChain.java:153) ~[tomcat-embed-core-9.0.78.jar:9.0.78]
	at org.apache.catalina.core.StandardWrapperValve.invoke(StandardWrapperValve.java:167) ~[tomcat-embed-core-9.0.78.jar:9.0.78]
	at org.apache.catalina.core.StandardContextValve.invoke(StandardContextValve.java:90) ~[tomcat-embed-core-9.0.78.jar:9.0.78]
	at org.apache.catalina.authenticator.AuthenticatorBase.invoke(AuthenticatorBase.java:481) ~[tomcat-embed-core-9.0.78.jar:9.0.78]
	at org.apache.catalina.core.StandardHostValve.invoke(StandardHostValve.java:130) ~[tomcat-embed-core-9.0.78.jar:9.0.78]
	at org.apache.catalina.valves.ErrorReportValve.invoke(ErrorReportValve.java:93) ~[tomcat-embed-core-9.0.78.jar:9.0.78]
	at org.apache.catalina.core.StandardEngineValve.invoke(StandardEngineValve.java:74) ~[tomcat-embed-core-9.0.78.jar:9.0.78]
	at org.apache.catalina.valves.RemoteIpValve.invoke(RemoteIpValve.java:768) ~[tomcat-embed-core-9.0.78.jar:9.0.78]
	at org.apache.catalina.connector.CoyoteAdapter.service(CoyoteAdapter.java:343) ~[tomcat-embed-core-9.0.78.jar:9.0.78]
	at org.apache.coyote.http11.Http11Processor.service(Http11Processor.java:390) ~[tomcat-embed-core-9.0.78.jar:9.0.78]
	at org.apache.coyote.AbstractProcessorLight.process(AbstractProcessorLight.java:63) ~[tomcat-embed-core-9.0.78.jar:9.0.78]
	at org.apache.coyote.AbstractProtocol$ConnectionHandler.process(AbstractProtocol.java:926) ~[tomcat-embed-core-9.0.78.jar:9.0.78]
	at org.apache.tomcat.util.net.NioEndpoint$SocketProcessor.doRun(NioEndpoint.java:1791) ~[tomcat-embed-core-9.0.78.jar:9.0.78]
	at org.apache.tomcat.util.net.SocketProcessorBase.run(SocketProcessorBase.java:52) ~[tomcat-embed-core-9.0.78.jar:9.0.78]
	at org.apache.tomcat.util.threads.ThreadPoolExecutor.runWorker(ThreadPoolExecutor.java:1191) ~[tomcat-embed-core-9.0.78.jar:9.0.78]
	at org.apache.tomcat.util.threads.ThreadPoolExecutor$Worker.run(ThreadPoolExecutor.java:659) ~[tomcat-embed-core-9.0.78.jar:9.0.78]
	at org.apache.tomcat.util.threads.TaskThread$WrappingRunnable.run(TaskThread.java:61) ~[tomcat-embed-core-9.0.78.jar:9.0.78]
	at java.base/java.lang.Thread.run(Thread.java:840) ~[na:na]

Hibernate: select user0_.id as id1_5_, user0_.created_at as created_2_5_, user0_.email as email3_5_, user0_.enabled as enabled4_5_, user0_.last_login as last_log5_5_, user0_.password as password6_5_, user0_.role as role7_5_, user0_.two_factor_enabled as two_fact8_5_, user0_.two_factor_secret as two_fact9_5_, user0_.username as usernam10_5_ from users user0_ where user0_.username=?
Hibernate: select count(notificati0_.id) as col_0_0_ from notifications notificati0_ where notificati0_.user_id=? and notificati0_.read=0
2025-09-02 07:37:23.317  WARN 23285 --- [nio-8080-exec-4] o.h.engine.jdbc.spi.SqlExceptionHelper   : SQL Error: 1146, SQLState: 42S02
2025-09-02 07:37:23.317 ERROR 23285 --- [nio-8080-exec-4] o.h.engine.jdbc.spi.SqlExceptionHelper   : Table 'appdb.notifications' doesn't exist
2025-09-02 07:37:23.318 ERROR 23285 --- [nio-8080-exec-4] o.a.c.c.C.[.[.[/].[dispatcherServlet]    : Servlet.service() for servlet [dispatcherServlet] in context with path [] threw exception [Request processing failed; nested exception is org.springframework.dao.InvalidDataAccessResourceUsageException: could not extract ResultSet; SQL [n/a]; nested exception is org.hibernate.exception.SQLGrammarException: could not extract ResultSet] with root cause

java.sql.SQLSyntaxErrorException: Table 'appdb.notifications' doesn't exist
	at com.mysql.cj.jdbc.exceptions.SQLError.createSQLException(SQLError.java:120) ~[mysql-connector-j-8.0.32.jar:8.0.32]
	at com.mysql.cj.jdbc.exceptions.SQLExceptionsMapping.translateException(SQLExceptionsMapping.java:122) ~[mysql-connector-j-8.0.32.jar:8.0.32]
	at com.mysql.cj.jdbc.ClientPreparedStatement.executeInternal(ClientPreparedStatement.java:916) ~[mysql-connector-j-8.0.32.jar:8.0.32]
	at com.mysql.cj.jdbc.ClientPreparedStatement.executeQuery(ClientPreparedStatement.java:972) ~[mysql-connector-j-8.0.32.jar:8.0.32]
	at com.zaxxer.hikari.pool.ProxyPreparedStatement.executeQuery(ProxyPreparedStatement.java:52) ~[HikariCP-4.0.3.jar:na]
	at com.zaxxer.hikari.pool.HikariProxyPreparedStatement.executeQuery(HikariProxyPreparedStatement.java) ~[HikariCP-4.0.3.jar:na]
	at org.hibernate.engine.jdbc.internal.ResultSetReturnImpl.extract(ResultSetReturnImpl.java:57) ~[hibernate-core-5.6.15.Final.jar:5.6.15.Final]
	at org.hibernate.loader.Loader.getResultSet(Loader.java:2322) ~[hibernate-core-5.6.15.Final.jar:5.6.15.Final]
	at org.hibernate.loader.Loader.executeQueryStatement(Loader.java:2075) ~[hibernate-core-5.6.15.Final.jar:5.6.15.Final]
	at org.hibernate.loader.Loader.executeQueryStatement(Loader.java:2037) ~[hibernate-core-5.6.15.Final.jar:5.6.15.Final]
	at org.hibernate.loader.Loader.doQuery(Loader.java:956) ~[hibernate-core-5.6.15.Final.jar:5.6.15.Final]
	at org.hibernate.loader.Loader.doQueryAndInitializeNonLazyCollections(Loader.java:357) ~[hibernate-core-5.6.15.Final.jar:5.6.15.Final]
	at org.hibernate.loader.Loader.doList(Loader.java:2868) ~[hibernate-core-5.6.15.Final.jar:5.6.15.Final]
	at org.hibernate.loader.Loader.doList(Loader.java:2850) ~[hibernate-core-5.6.15.Final.jar:5.6.15.Final]
	at org.hibernate.loader.Loader.listIgnoreQueryCache(Loader.java:2682) ~[hibernate-core-5.6.15.Final.jar:5.6.15.Final]
	at org.hibernate.loader.Loader.list(Loader.java:2677) ~[hibernate-core-5.6.15.Final.jar:5.6.15.Final]
	at org.hibernate.loader.hql.QueryLoader.list(QueryLoader.java:540) ~[hibernate-core-5.6.15.Final.jar:5.6.15.Final]
	at org.hibernate.hql.internal.ast.QueryTranslatorImpl.list(QueryTranslatorImpl.java:400) ~[hibernate-core-5.6.15.Final.jar:5.6.15.Final]
	at org.hibernate.engine.query.spi.HQLQueryPlan.performList(HQLQueryPlan.java:218) ~[hibernate-core-5.6.15.Final.jar:5.6.15.Final]
	at org.hibernate.internal.SessionImpl.list(SessionImpl.java:1459) ~[hibernate-core-5.6.15.Final.jar:5.6.15.Final]
	at org.hibernate.query.internal.AbstractProducedQuery.doList(AbstractProducedQuery.java:1649) ~[hibernate-core-5.6.15.Final.jar:5.6.15.Final]
	at org.hibernate.query.internal.AbstractProducedQuery.list(AbstractProducedQuery.java:1617) ~[hibernate-core-5.6.15.Final.jar:5.6.15.Final]
	at org.hibernate.query.internal.AbstractProducedQuery.getSingleResult(AbstractProducedQuery.java:1665) ~[hibernate-core-5.6.15.Final.jar:5.6.15.Final]
	at org.hibernate.query.criteria.internal.compile.CriteriaQueryTypeQueryAdapter.getSingleResult(CriteriaQueryTypeQueryAdapter.java:111) ~[hibernate-core-5.6.15.Final.jar:5.6.15.Final]
	at org.springframework.data.jpa.repository.query.JpaQueryExecution$SingleEntityExecution.doExecute(JpaQueryExecution.java:198) ~[spring-data-jpa-2.7.14.jar:2.7.14]
	at org.springframework.data.jpa.repository.query.JpaQueryExecution.execute(JpaQueryExecution.java:90) ~[spring-data-jpa-2.7.14.jar:2.7.14]
	at org.springframework.data.jpa.repository.query.AbstractJpaQuery.doExecute(AbstractJpaQuery.java:156) ~[spring-data-jpa-2.7.14.jar:2.7.14]
	at org.springframework.data.jpa.repository.query.AbstractJpaQuery.execute(AbstractJpaQuery.java:144) ~[spring-data-jpa-2.7.14.jar:2.7.14]
	at org.springframework.data.repository.core.support.RepositoryMethodInvoker.doInvoke(RepositoryMethodInvoker.java:137) ~[spring-data-commons-2.7.14.jar:2.7.14]
	at org.springframework.data.repository.core.support.RepositoryMethodInvoker.invoke(RepositoryMethodInvoker.java:121) ~[spring-data-commons-2.7.14.jar:2.7.14]
	at org.springframework.data.repository.core.support.QueryExecutorMethodInterceptor.doInvoke(QueryExecutorMethodInterceptor.java:160) ~[spring-data-commons-2.7.14.jar:2.7.14]
	at org.springframework.data.repository.core.support.QueryExecutorMethodInterceptor.invoke(QueryExecutorMethodInterceptor.java:139) ~[spring-data-commons-2.7.14.jar:2.7.14]
	at org.springframework.aop.framework.ReflectiveMethodInvocation.proceed(ReflectiveMethodInvocation.java:186) ~[spring-aop-5.3.29.jar:5.3.29]
	at org.springframework.data.projection.DefaultMethodInvokingMethodInterceptor.invoke(DefaultMethodInvokingMethodInterceptor.java:76) ~[spring-data-commons-2.7.14.jar:2.7.14]
	at org.springframework.aop.framework.ReflectiveMethodInvocation.proceed(ReflectiveMethodInvocation.java:186) ~[spring-aop-5.3.29.jar:5.3.29]
	at org.springframework.transaction.interceptor.TransactionInterceptor$1.proceedWithInvocation(TransactionInterceptor.java:123) ~[spring-tx-5.3.29.jar:5.3.29]
	at org.springframework.transaction.interceptor.TransactionAspectSupport.invokeWithinTransaction(TransactionAspectSupport.java:388) ~[spring-tx-5.3.29.jar:5.3.29]
	at org.springframework.transaction.interceptor.TransactionInterceptor.invoke(TransactionInterceptor.java:119) ~[spring-tx-5.3.29.jar:5.3.29]
	at org.springframework.aop.framework.ReflectiveMethodInvocation.proceed(ReflectiveMethodInvocation.java:186) ~[spring-aop-5.3.29.jar:5.3.29]
	at org.springframework.dao.support.PersistenceExceptionTranslationInterceptor.invoke(PersistenceExceptionTranslationInterceptor.java:137) ~[spring-tx-5.3.29.jar:5.3.29]
	at org.springframework.aop.framework.ReflectiveMethodInvocation.proceed(ReflectiveMethodInvocation.java:186) ~[spring-aop-5.3.29.jar:5.3.29]
	at org.springframework.data.jpa.repository.support.CrudMethodMetadataPostProcessor$CrudMethodMetadataPopulatingMethodInterceptor.invoke(CrudMethodMetadataPostProcessor.java:145) ~[spring-data-jpa-2.7.14.jar:2.7.14]
	at org.springframework.aop.framework.ReflectiveMethodInvocation.proceed(ReflectiveMethodInvocation.java:186) ~[spring-aop-5.3.29.jar:5.3.29]
	at org.springframework.aop.interceptor.ExposeInvocationInterceptor.invoke(ExposeInvocationInterceptor.java:97) ~[spring-aop-5.3.29.jar:5.3.29]
	at org.springframework.aop.framework.ReflectiveMethodInvocation.proceed(ReflectiveMethodInvocation.java:186) ~[spring-aop-5.3.29.jar:5.3.29]
	at org.springframework.aop.framework.JdkDynamicAopProxy.invoke(JdkDynamicAopProxy.java:241) ~[spring-aop-5.3.29.jar:5.3.29]
	at jdk.proxy6/jdk.proxy6.$Proxy148.countByUserAndReadFalse(Unknown Source) ~[na:na]
	at com.examly.springapp.service.NotificationService.getUnreadCount(NotificationService.java:51) ~[classes/:na]
	at com.examly.springapp.controller.NotificationController.getUnreadCount(NotificationController.java:52) ~[classes/:na]
	at java.base/jdk.internal.reflect.NativeMethodAccessorImpl.invoke0(Native Method) ~[na:na]
	at java.base/jdk.internal.reflect.NativeMethodAccessorImpl.invoke(NativeMethodAccessorImpl.java:77) ~[na:na]
	at java.base/jdk.internal.reflect.DelegatingMethodAccessorImpl.invoke(DelegatingMethodAccessorImpl.java:43) ~[na:na]
	at java.base/java.lang.reflect.Method.invoke(Method.java:569) ~[na:na]
	at org.springframework.web.method.support.InvocableHandlerMethod.doInvoke(InvocableHandlerMethod.java:205) ~[spring-web-5.3.29.jar:5.3.29]
	at org.springframework.web.method.support.InvocableHandlerMethod.invokeForRequest(InvocableHandlerMethod.java:150) ~[spring-web-5.3.29.jar:5.3.29]
	at org.springframework.web.servlet.mvc.method.annotation.ServletInvocableHandlerMethod.invokeAndHandle(ServletInvocableHandlerMethod.java:117) ~[spring-webmvc-5.3.29.jar:5.3.29]
	at org.springframework.web.servlet.mvc.method.annotation.RequestMappingHandlerAdapter.invokeHandlerMethod(RequestMappingHandlerAdapter.java:895) ~[spring-webmvc-5.3.29.jar:5.3.29]
	at org.springframework.web.servlet.mvc.method.annotation.RequestMappingHandlerAdapter.handleInternal(RequestMappingHandlerAdapter.java:808) ~[spring-webmvc-5.3.29.jar:5.3.29]
	at org.springframework.web.servlet.mvc.method.AbstractHandlerMethodAdapter.handle(AbstractHandlerMethodAdapter.java:87) ~[spring-webmvc-5.3.29.jar:5.3.29]
	at org.springframework.web.servlet.DispatcherServlet.doDispatch(DispatcherServlet.java:1072) ~[spring-webmvc-5.3.29.jar:5.3.29]
	at org.springframework.web.servlet.DispatcherServlet.doService(DispatcherServlet.java:965) ~[spring-webmvc-5.3.29.jar:5.3.29]
	at org.springframework.web.servlet.FrameworkServlet.processRequest(FrameworkServlet.java:1006) ~[spring-webmvc-5.3.29.jar:5.3.29]
	at org.springframework.web.servlet.FrameworkServlet.doGet(FrameworkServlet.java:898) ~[spring-webmvc-5.3.29.jar:5.3.29]
	at javax.servlet.http.HttpServlet.service(HttpServlet.java:529) ~[tomcat-embed-core-9.0.78.jar:4.0.FR]
	at org.springframework.web.servlet.FrameworkServlet.service(FrameworkServlet.java:883) ~[spring-webmvc-5.3.29.jar:5.3.29]
	at javax.servlet.http.HttpServlet.service(HttpServlet.java:623) ~[tomcat-embed-core-9.0.78.jar:4.0.FR]
	at org.apache.catalina.core.ApplicationFilterChain.internalDoFilter(ApplicationFilterChain.java:209) ~[tomcat-embed-core-9.0.78.jar:9.0.78]
	at org.apache.catalina.core.ApplicationFilterChain.doFilter(ApplicationFilterChain.java:153) ~[tomcat-embed-core-9.0.78.jar:9.0.78]
	at org.apache.tomcat.websocket.server.WsFilter.doFilter(WsFilter.java:51) ~[tomcat-embed-websocket-9.0.78.jar:9.0.78]
	at org.apache.catalina.core.ApplicationFilterChain.internalDoFilter(ApplicationFilterChain.java:178) ~[tomcat-embed-core-9.0.78.jar:9.0.78]
	at org.apache.catalina.core.ApplicationFilterChain.doFilter(ApplicationFilterChain.java:153) ~[tomcat-embed-core-9.0.78.jar:9.0.78]
	at org.springframework.security.web.FilterChainProxy$VirtualFilterChain.doFilter(FilterChainProxy.java:337) ~[spring-security-web-5.7.10.jar:5.7.10]
	at org.springframework.security.web.access.intercept.FilterSecurityInterceptor.invoke(FilterSecurityInterceptor.java:115) ~[spring-security-web-5.7.10.jar:5.7.10]
	at org.springframework.security.web.access.intercept.FilterSecurityInterceptor.doFilter(FilterSecurityInterceptor.java:81) ~[spring-security-web-5.7.10.jar:5.7.10]
	at org.springframework.security.web.FilterChainProxy$VirtualFilterChain.doFilter(FilterChainProxy.java:346) ~[spring-security-web-5.7.10.jar:5.7.10]
	at org.springframework.security.web.access.ExceptionTranslationFilter.doFilter(ExceptionTranslationFilter.java:122) ~[spring-security-web-5.7.10.jar:5.7.10]
	at org.springframework.security.web.access.ExceptionTranslationFilter.doFilter(ExceptionTranslationFilter.java:116) ~[spring-security-web-5.7.10.jar:5.7.10]
	at org.springframework.security.web.FilterChainProxy$VirtualFilterChain.doFilter(FilterChainProxy.java:346) ~[spring-security-web-5.7.10.jar:5.7.10]
	at org.springframework.security.web.session.SessionManagementFilter.doFilter(SessionManagementFilter.java:126) ~[spring-security-web-5.7.10.jar:5.7.10]
	at org.springframework.security.web.session.SessionManagementFilter.doFilter(SessionManagementFilter.java:81) ~[spring-security-web-5.7.10.jar:5.7.10]
	at org.springframework.security.web.FilterChainProxy$VirtualFilterChain.doFilter(FilterChainProxy.java:346) ~[spring-security-web-5.7.10.jar:5.7.10]
	at org.springframework.security.web.authentication.AnonymousAuthenticationFilter.doFilter(AnonymousAuthenticationFilter.java:109) ~[spring-security-web-5.7.10.jar:5.7.10]
	at org.springframework.security.web.FilterChainProxy$VirtualFilterChain.doFilter(FilterChainProxy.java:346) ~[spring-security-web-5.7.10.jar:5.7.10]
	at org.springframework.security.web.servletapi.SecurityContextHolderAwareRequestFilter.doFilter(SecurityContextHolderAwareRequestFilter.java:149) ~[spring-security-web-5.7.10.jar:5.7.10]
	at org.springframework.security.web.FilterChainProxy$VirtualFilterChain.doFilter(FilterChainProxy.java:346) ~[spring-security-web-5.7.10.jar:5.7.10]
	at org.springframework.security.web.savedrequest.RequestCacheAwareFilter.doFilter(RequestCacheAwareFilter.java:63) ~[spring-security-web-5.7.10.jar:5.7.10]
	at org.springframework.security.web.FilterChainProxy$VirtualFilterChain.doFilter(FilterChainProxy.java:346) ~[spring-security-web-5.7.10.jar:5.7.10]
	at org.springframework.security.web.authentication.logout.LogoutFilter.doFilter(LogoutFilter.java:103) ~[spring-security-web-5.7.10.jar:5.7.10]
	at org.springframework.security.web.authentication.logout.LogoutFilter.doFilter(LogoutFilter.java:89) ~[spring-security-web-5.7.10.jar:5.7.10]
	at org.springframework.security.web.FilterChainProxy$VirtualFilterChain.doFilter(FilterChainProxy.java:346) ~[spring-security-web-5.7.10.jar:5.7.10]
	at org.springframework.web.filter.CorsFilter.doFilterInternal(CorsFilter.java:91) ~[spring-web-5.3.29.jar:5.3.29]
	at org.springframework.web.filter.OncePerRequestFilter.doFilter(OncePerRequestFilter.java:117) ~[spring-web-5.3.29.jar:5.3.29]
	at org.springframework.security.web.FilterChainProxy$VirtualFilterChain.doFilter(FilterChainProxy.java:346) ~[spring-security-web-5.7.10.jar:5.7.10]
	at org.springframework.security.web.header.HeaderWriterFilter.doHeadersAfter(HeaderWriterFilter.java:90) ~[spring-security-web-5.7.10.jar:5.7.10]
	at org.springframework.security.web.header.HeaderWriterFilter.doFilterInternal(HeaderWriterFilter.java:75) ~[spring-security-web-5.7.10.jar:5.7.10]
	at org.springframework.web.filter.OncePerRequestFilter.doFilter(OncePerRequestFilter.java:117) ~[spring-web-5.3.29.jar:5.3.29]
	at org.springframework.security.web.FilterChainProxy$VirtualFilterChain.doFilter(FilterChainProxy.java:346) ~[spring-security-web-5.7.10.jar:5.7.10]
	at org.springframework.security.web.context.SecurityContextPersistenceFilter.doFilter(SecurityContextPersistenceFilter.java:112) ~[spring-security-web-5.7.10.jar:5.7.10]
	at org.springframework.security.web.context.SecurityContextPersistenceFilter.doFilter(SecurityContextPersistenceFilter.java:82) ~[spring-security-web-5.7.10.jar:5.7.10]
	at org.springframework.security.web.FilterChainProxy$VirtualFilterChain.doFilter(FilterChainProxy.java:346) ~[spring-security-web-5.7.10.jar:5.7.10]
	at org.springframework.security.web.context.request.async.WebAsyncManagerIntegrationFilter.doFilterInternal(WebAsyncManagerIntegrationFilter.java:55) ~[spring-security-web-5.7.10.jar:5.7.10]
	at org.springframework.web.filter.OncePerRequestFilter.doFilter(OncePerRequestFilter.java:117) ~[spring-web-5.3.29.jar:5.3.29]
	at org.springframework.security.web.FilterChainProxy$VirtualFilterChain.doFilter(FilterChainProxy.java:346) ~[spring-security-web-5.7.10.jar:5.7.10]
	at org.springframework.security.web.session.DisableEncodeUrlFilter.doFilterInternal(DisableEncodeUrlFilter.java:42) ~[spring-security-web-5.7.10.jar:5.7.10]
	at org.springframework.web.filter.OncePerRequestFilter.doFilter(OncePerRequestFilter.java:117) ~[spring-web-5.3.29.jar:5.3.29]
	at org.springframework.security.web.FilterChainProxy$VirtualFilterChain.doFilter(FilterChainProxy.java:346) ~[spring-security-web-5.7.10.jar:5.7.10]
	at org.springframework.security.web.FilterChainProxy.doFilterInternal(FilterChainProxy.java:221) ~[spring-security-web-5.7.10.jar:5.7.10]
	at org.springframework.security.web.FilterChainProxy.doFilter(FilterChainProxy.java:186) ~[spring-security-web-5.7.10.jar:5.7.10]
	at org.springframework.web.filter.DelegatingFilterProxy.invokeDelegate(DelegatingFilterProxy.java:354) ~[spring-web-5.3.29.jar:5.3.29]
	at org.springframework.web.filter.DelegatingFilterProxy.doFilter(DelegatingFilterProxy.java:267) ~[spring-web-5.3.29.jar:5.3.29]
	at org.apache.catalina.core.ApplicationFilterChain.internalDoFilter(ApplicationFilterChain.java:178) ~[tomcat-embed-core-9.0.78.jar:9.0.78]
	at org.apache.catalina.core.ApplicationFilterChain.doFilter(ApplicationFilterChain.java:153) ~[tomcat-embed-core-9.0.78.jar:9.0.78]
	at org.springframework.web.filter.RequestContextFilter.doFilterInternal(RequestContextFilter.java:100) ~[spring-web-5.3.29.jar:5.3.29]
	at org.springframework.web.filter.OncePerRequestFilter.doFilter(OncePerRequestFilter.java:117) ~[spring-web-5.3.29.jar:5.3.29]
	at org.apache.catalina.core.ApplicationFilterChain.internalDoFilter(ApplicationFilterChain.java:178) ~[tomcat-embed-core-9.0.78.jar:9.0.78]
	at org.apache.catalina.core.ApplicationFilterChain.doFilter(ApplicationFilterChain.java:153) ~[tomcat-embed-core-9.0.78.jar:9.0.78]
	at org.springframework.web.filter.FormContentFilter.doFilterInternal(FormContentFilter.java:93) ~[spring-web-5.3.29.jar:5.3.29]
	at org.springframework.web.filter.OncePerRequestFilter.doFilter(OncePerRequestFilter.java:117) ~[spring-web-5.3.29.jar:5.3.29]
	at org.apache.catalina.core.ApplicationFilterChain.internalDoFilter(ApplicationFilterChain.java:178) ~[tomcat-embed-core-9.0.78.jar:9.0.78]
	at org.apache.catalina.core.ApplicationFilterChain.doFilter(ApplicationFilterChain.java:153) ~[tomcat-embed-core-9.0.78.jar:9.0.78]
	at org.springframework.web.filter.CharacterEncodingFilter.doFilterInternal(CharacterEncodingFilter.java:201) ~[spring-web-5.3.29.jar:5.3.29]
	at org.springframework.web.filter.OncePerRequestFilter.doFilter(OncePerRequestFilter.java:117) ~[spring-web-5.3.29.jar:5.3.29]
	at org.apache.catalina.core.ApplicationFilterChain.internalDoFilter(ApplicationFilterChain.java:178) ~[tomcat-embed-core-9.0.78.jar:9.0.78]
	at org.apache.catalina.core.ApplicationFilterChain.doFilter(ApplicationFilterChain.java:153) ~[tomcat-embed-core-9.0.78.jar:9.0.78]
	at org.apache.catalina.core.StandardWrapperValve.invoke(StandardWrapperValve.java:167) ~[tomcat-embed-core-9.0.78.jar:9.0.78]
	at org.apache.catalina.core.StandardContextValve.invoke(StandardContextValve.java:90) ~[tomcat-embed-core-9.0.78.jar:9.0.78]
	at org.apache.catalina.authenticator.AuthenticatorBase.invoke(AuthenticatorBase.java:481) ~[tomcat-embed-core-9.0.78.jar:9.0.78]
	at org.apache.catalina.core.StandardHostValve.invoke(StandardHostValve.java:130) ~[tomcat-embed-core-9.0.78.jar:9.0.78]
	at org.apache.catalina.valves.ErrorReportValve.invoke(ErrorReportValve.java:93) ~[tomcat-embed-core-9.0.78.jar:9.0.78]
	at org.apache.catalina.core.StandardEngineValve.invoke(StandardEngineValve.java:74) ~[tomcat-embed-core-9.0.78.jar:9.0.78]
	at org.apache.catalina.valves.RemoteIpValve.invoke(RemoteIpValve.java:768) ~[tomcat-embed-core-9.0.78.jar:9.0.78]
	at org.apache.catalina.connector.CoyoteAdapter.service(CoyoteAdapter.java:343) ~[tomcat-embed-core-9.0.78.jar:9.0.78]
	at org.apache.coyote.http11.Http11Processor.service(Http11Processor.java:390) ~[tomcat-embed-core-9.0.78.jar:9.0.78]
	at org.apache.coyote.AbstractProcessorLight.process(AbstractProcessorLight.java:63) ~[tomcat-embed-core-9.0.78.jar:9.0.78]
	at org.apache.coyote.AbstractProtocol$ConnectionHandler.process(AbstractProtocol.java:926) ~[tomcat-embed-core-9.0.78.jar:9.0.78]
	at org.apache.tomcat.util.net.NioEndpoint$SocketProcessor.doRun(NioEndpoint.java:1791) ~[tomcat-embed-core-9.0.78.jar:9.0.78]
	at org.apache.tomcat.util.net.SocketProcessorBase.run(SocketProcessorBase.java:52) ~[tomcat-embed-core-9.0.78.jar:9.0.78]
	at org.apache.tomcat.util.threads.ThreadPoolExecutor.runWorker(ThreadPoolExecutor.java:1191) ~[tomcat-embed-core-9.0.78.jar:9.0.78]
	at org.apache.tomcat.util.threads.ThreadPoolExecutor$Worker.run(ThreadPoolExecutor.java:659) ~[tomcat-embed-core-9.0.78.jar:9.0.78]
	at org.apache.tomcat.util.threads.TaskThread$WrappingRunnable.run(TaskThread.java:61) ~[tomcat-embed-core-9.0.78.jar:9.0.78]
	at java.base/java.lang.Thread.run(Thread.java:840) ~[na:na]

Hibernate: select user0_.id as id1_5_, user0_.created_at as created_2_5_, user0_.email as email3_5_, user0_.enabled as enabled4_5_, user0_.last_login as last_log5_5_, user0_.password as password6_5_, user0_.role as role7_5_, user0_.two_factor_enabled as two_fact8_5_, user0_.two_factor_secret as two_fact9_5_, user0_.username as usernam10_5_ from users user0_ where user0_.username=?
Hibernate: select notificati0_.id as id1_3_, notificati0_.channel as channel2_3_, notificati0_.created_at as created_3_3_, notificati0_.message as message4_3_, notificati0_.read as read5_3_, notificati0_.sent as sent6_3_, notificati0_.sent_at as sent_at7_3_, notificati0_.title as title8_3_, notificati0_.type as type9_3_, notificati0_.user_id as user_id10_3_ from notifications notificati0_ where notificati0_.user_id=?
2025-09-02 07:37:23.596  WARN 23285 --- [nio-8080-exec-5] o.h.engine.jdbc.spi.SqlExceptionHelper   : SQL Error: 1146, SQLState: 42S02
2025-09-02 07:37:23.596 ERROR 23285 --- [nio-8080-exec-5] o.h.engine.jdbc.spi.SqlExceptionHelper   : Table 'appdb.notifications' doesn't exist
2025-09-02 07:37:23.598 ERROR 23285 --- [nio-8080-exec-5] o.a.c.c.C.[.[.[/].[dispatcherServlet]    : Servlet.service() for servlet [dispatcherServlet] in context with path [] threw exception [Request processing failed; nested exception is org.springframework.dao.InvalidDataAccessResourceUsageException: could not extract ResultSet; SQL [n/a]; nested exception is org.hibernate.exception.SQLGrammarException: could not extract ResultSet] with root cause

java.sql.SQLSyntaxErrorException: Table 'appdb.notifications' doesn't exist
	at com.mysql.cj.jdbc.exceptions.SQLError.createSQLException(SQLError.java:120) ~[mysql-connector-j-8.0.32.jar:8.0.32]
	at com.mysql.cj.jdbc.exceptions.SQLExceptionsMapping.translateException(SQLExceptionsMapping.java:122) ~[mysql-connector-j-8.0.32.jar:8.0.32]
	at com.mysql.cj.jdbc.ClientPreparedStatement.executeInternal(ClientPreparedStatement.java:916) ~[mysql-connector-j-8.0.32.jar:8.0.32]
	at com.mysql.cj.jdbc.ClientPreparedStatement.executeQuery(ClientPreparedStatement.java:972) ~[mysql-connector-j-8.0.32.jar:8.0.32]
	at com.zaxxer.hikari.pool.ProxyPreparedStatement.executeQuery(ProxyPreparedStatement.java:52) ~[HikariCP-4.0.3.jar:na]
	at com.zaxxer.hikari.pool.HikariProxyPreparedStatement.executeQuery(HikariProxyPreparedStatement.java) ~[HikariCP-4.0.3.jar:na]
	at org.hibernate.engine.jdbc.internal.ResultSetReturnImpl.extract(ResultSetReturnImpl.java:57) ~[hibernate-core-5.6.15.Final.jar:5.6.15.Final]
	at org.hibernate.loader.Loader.getResultSet(Loader.java:2322) ~[hibernate-core-5.6.15.Final.jar:5.6.15.Final]
	at org.hibernate.loader.Loader.executeQueryStatement(Loader.java:2075) ~[hibernate-core-5.6.15.Final.jar:5.6.15.Final]
	at org.hibernate.loader.Loader.executeQueryStatement(Loader.java:2037) ~[hibernate-core-5.6.15.Final.jar:5.6.15.Final]
	at org.hibernate.loader.Loader.doQuery(Loader.java:956) ~[hibernate-core-5.6.15.Final.jar:5.6.15.Final]
	at org.hibernate.loader.Loader.doQueryAndInitializeNonLazyCollections(Loader.java:357) ~[hibernate-core-5.6.15.Final.jar:5.6.15.Final]
	at org.hibernate.loader.Loader.doList(Loader.java:2868) ~[hibernate-core-5.6.15.Final.jar:5.6.15.Final]
	at org.hibernate.loader.Loader.doList(Loader.java:2850) ~[hibernate-core-5.6.15.Final.jar:5.6.15.Final]
	at org.hibernate.loader.Loader.listIgnoreQueryCache(Loader.java:2682) ~[hibernate-core-5.6.15.Final.jar:5.6.15.Final]
	at org.hibernate.loader.Loader.list(Loader.java:2677) ~[hibernate-core-5.6.15.Final.jar:5.6.15.Final]
	at org.hibernate.loader.hql.QueryLoader.list(QueryLoader.java:540) ~[hibernate-core-5.6.15.Final.jar:5.6.15.Final]
	at org.hibernate.hql.internal.ast.QueryTranslatorImpl.list(QueryTranslatorImpl.java:400) ~[hibernate-core-5.6.15.Final.jar:5.6.15.Final]
	at org.hibernate.engine.query.spi.HQLQueryPlan.performList(HQLQueryPlan.java:218) ~[hibernate-core-5.6.15.Final.jar:5.6.15.Final]
	at org.hibernate.internal.SessionImpl.list(SessionImpl.java:1459) ~[hibernate-core-5.6.15.Final.jar:5.6.15.Final]
	at org.hibernate.query.internal.AbstractProducedQuery.doList(AbstractProducedQuery.java:1649) ~[hibernate-core-5.6.15.Final.jar:5.6.15.Final]
	at org.hibernate.query.internal.AbstractProducedQuery.list(AbstractProducedQuery.java:1617) ~[hibernate-core-5.6.15.Final.jar:5.6.15.Final]
	at org.hibernate.query.Query.getResultList(Query.java:165) ~[hibernate-core-5.6.15.Final.jar:5.6.15.Final]
	at org.hibernate.query.criteria.internal.compile.CriteriaQueryTypeQueryAdapter.getResultList(CriteriaQueryTypeQueryAdapter.java:76) ~[hibernate-core-5.6.15.Final.jar:5.6.15.Final]
	at org.springframework.data.jpa.repository.query.JpaQueryExecution$CollectionExecution.doExecute(JpaQueryExecution.java:128) ~[spring-data-jpa-2.7.14.jar:2.7.14]
	at org.springframework.data.jpa.repository.query.JpaQueryExecution.execute(JpaQueryExecution.java:90) ~[spring-data-jpa-2.7.14.jar:2.7.14]
	at org.springframework.data.jpa.repository.query.AbstractJpaQuery.doExecute(AbstractJpaQuery.java:156) ~[spring-data-jpa-2.7.14.jar:2.7.14]
	at org.springframework.data.jpa.repository.query.AbstractJpaQuery.execute(AbstractJpaQuery.java:144) ~[spring-data-jpa-2.7.14.jar:2.7.14]
	at org.springframework.data.repository.core.support.RepositoryMethodInvoker.doInvoke(RepositoryMethodInvoker.java:137) ~[spring-data-commons-2.7.14.jar:2.7.14]
	at org.springframework.data.repository.core.support.RepositoryMethodInvoker.invoke(RepositoryMethodInvoker.java:121) ~[spring-data-commons-2.7.14.jar:2.7.14]
	at org.springframework.data.repository.core.support.QueryExecutorMethodInterceptor.doInvoke(QueryExecutorMethodInterceptor.java:160) ~[spring-data-commons-2.7.14.jar:2.7.14]
	at org.springframework.data.repository.core.support.QueryExecutorMethodInterceptor.invoke(QueryExecutorMethodInterceptor.java:139) ~[spring-data-commons-2.7.14.jar:2.7.14]
	at org.springframework.aop.framework.ReflectiveMethodInvocation.proceed(ReflectiveMethodInvocation.java:186) ~[spring-aop-5.3.29.jar:5.3.29]
	at org.springframework.data.projection.DefaultMethodInvokingMethodInterceptor.invoke(DefaultMethodInvokingMethodInterceptor.java:76) ~[spring-data-commons-2.7.14.jar:2.7.14]
	at org.springframework.aop.framework.ReflectiveMethodInvocation.proceed(ReflectiveMethodInvocation.java:186) ~[spring-aop-5.3.29.jar:5.3.29]
	at org.springframework.transaction.interceptor.TransactionInterceptor$1.proceedWithInvocation(TransactionInterceptor.java:123) ~[spring-tx-5.3.29.jar:5.3.29]
	at org.springframework.transaction.interceptor.TransactionAspectSupport.invokeWithinTransaction(TransactionAspectSupport.java:388) ~[spring-tx-5.3.29.jar:5.3.29]
	at org.springframework.transaction.interceptor.TransactionInterceptor.invoke(TransactionInterceptor.java:119) ~[spring-tx-5.3.29.jar:5.3.29]
	at org.springframework.aop.framework.ReflectiveMethodInvocation.proceed(ReflectiveMethodInvocation.java:186) ~[spring-aop-5.3.29.jar:5.3.29]
	at org.springframework.dao.support.PersistenceExceptionTranslationInterceptor.invoke(PersistenceExceptionTranslationInterceptor.java:137) ~[spring-tx-5.3.29.jar:5.3.29]
	at org.springframework.aop.framework.ReflectiveMethodInvocation.proceed(ReflectiveMethodInvocation.java:186) ~[spring-aop-5.3.29.jar:5.3.29]
	at org.springframework.data.jpa.repository.support.CrudMethodMetadataPostProcessor$CrudMethodMetadataPopulatingMethodInterceptor.invoke(CrudMethodMetadataPostProcessor.java:145) ~[spring-data-jpa-2.7.14.jar:2.7.14]
	at org.springframework.aop.framework.ReflectiveMethodInvocation.proceed(ReflectiveMethodInvocation.java:186) ~[spring-aop-5.3.29.jar:5.3.29]
	at org.springframework.aop.interceptor.ExposeInvocationInterceptor.invoke(ExposeInvocationInterceptor.java:97) ~[spring-aop-5.3.29.jar:5.3.29]
	at org.springframework.aop.framework.ReflectiveMethodInvocation.proceed(ReflectiveMethodInvocation.java:186) ~[spring-aop-5.3.29.jar:5.3.29]
	at org.springframework.aop.framework.JdkDynamicAopProxy.invoke(JdkDynamicAopProxy.java:241) ~[spring-aop-5.3.29.jar:5.3.29]
	at jdk.proxy6/jdk.proxy6.$Proxy148.findByUser(Unknown Source) ~[na:na]
	at com.examly.springapp.service.NotificationService.getUserNotifications(NotificationService.java:36) ~[classes/:na]
	at com.examly.springapp.controller.NotificationController.getUserNotifications(NotificationController.java:28) ~[classes/:na]
	at java.base/jdk.internal.reflect.NativeMethodAccessorImpl.invoke0(Native Method) ~[na:na]
	at java.base/jdk.internal.reflect.NativeMethodAccessorImpl.invoke(NativeMethodAccessorImpl.java:77) ~[na:na]
	at java.base/jdk.internal.reflect.DelegatingMethodAccessorImpl.invoke(DelegatingMethodAccessorImpl.java:43) ~[na:na]
	at java.base/java.lang.reflect.Method.invoke(Method.java:569) ~[na:na]
	at org.springframework.web.method.support.InvocableHandlerMethod.doInvoke(InvocableHandlerMethod.java:205) ~[spring-web-5.3.29.jar:5.3.29]
	at org.springframework.web.method.support.InvocableHandlerMethod.invokeForRequest(InvocableHandlerMethod.java:150) ~[spring-web-5.3.29.jar:5.3.29]
	at org.springframework.web.servlet.mvc.method.annotation.ServletInvocableHandlerMethod.invokeAndHandle(ServletInvocableHandlerMethod.java:117) ~[spring-webmvc-5.3.29.jar:5.3.29]
	at org.springframework.web.servlet.mvc.method.annotation.RequestMappingHandlerAdapter.invokeHandlerMethod(RequestMappingHandlerAdapter.java:895) ~[spring-webmvc-5.3.29.jar:5.3.29]
	at org.springframework.web.servlet.mvc.method.annotation.RequestMappingHandlerAdapter.handleInternal(RequestMappingHandlerAdapter.java:808) ~[spring-webmvc-5.3.29.jar:5.3.29]
	at org.springframework.web.servlet.mvc.method.AbstractHandlerMethodAdapter.handle(AbstractHandlerMethodAdapter.java:87) ~[spring-webmvc-5.3.29.jar:5.3.29]
	at org.springframework.web.servlet.DispatcherServlet.doDispatch(DispatcherServlet.java:1072) ~[spring-webmvc-5.3.29.jar:5.3.29]
	at org.springframework.web.servlet.DispatcherServlet.doService(DispatcherServlet.java:965) ~[spring-webmvc-5.3.29.jar:5.3.29]
	at org.springframework.web.servlet.FrameworkServlet.processRequest(FrameworkServlet.java:1006) ~[spring-webmvc-5.3.29.jar:5.3.29]
	at org.springframework.web.servlet.FrameworkServlet.doGet(FrameworkServlet.java:898) ~[spring-webmvc-5.3.29.jar:5.3.29]
	at javax.servlet.http.HttpServlet.service(HttpServlet.java:529) ~[tomcat-embed-core-9.0.78.jar:4.0.FR]
	at org.springframework.web.servlet.FrameworkServlet.service(FrameworkServlet.java:883) ~[spring-webmvc-5.3.29.jar:5.3.29]
	at javax.servlet.http.HttpServlet.service(HttpServlet.java:623) ~[tomcat-embed-core-9.0.78.jar:4.0.FR]
	at org.apache.catalina.core.ApplicationFilterChain.internalDoFilter(ApplicationFilterChain.java:209) ~[tomcat-embed-core-9.0.78.jar:9.0.78]
	at org.apache.catalina.core.ApplicationFilterChain.doFilter(ApplicationFilterChain.java:153) ~[tomcat-embed-core-9.0.78.jar:9.0.78]
	at org.apache.tomcat.websocket.server.WsFilter.doFilter(WsFilter.java:51) ~[tomcat-embed-websocket-9.0.78.jar:9.0.78]
	at org.apache.catalina.core.ApplicationFilterChain.internalDoFilter(ApplicationFilterChain.java:178) ~[tomcat-embed-core-9.0.78.jar:9.0.78]
	at org.apache.catalina.core.ApplicationFilterChain.doFilter(ApplicationFilterChain.java:153) ~[tomcat-embed-core-9.0.78.jar:9.0.78]
	at org.springframework.security.web.FilterChainProxy$VirtualFilterChain.doFilter(FilterChainProxy.java:337) ~[spring-security-web-5.7.10.jar:5.7.10]
	at org.springframework.security.web.access.intercept.FilterSecurityInterceptor.invoke(FilterSecurityInterceptor.java:115) ~[spring-security-web-5.7.10.jar:5.7.10]
	at org.springframework.security.web.access.intercept.FilterSecurityInterceptor.doFilter(FilterSecurityInterceptor.java:81) ~[spring-security-web-5.7.10.jar:5.7.10]
	at org.springframework.security.web.FilterChainProxy$VirtualFilterChain.doFilter(FilterChainProxy.java:346) ~[spring-security-web-5.7.10.jar:5.7.10]
	at org.springframework.security.web.access.ExceptionTranslationFilter.doFilter(ExceptionTranslationFilter.java:122) ~[spring-security-web-5.7.10.jar:5.7.10]
	at org.springframework.security.web.access.ExceptionTranslationFilter.doFilter(ExceptionTranslationFilter.java:116) ~[spring-security-web-5.7.10.jar:5.7.10]
	at org.springframework.security.web.FilterChainProxy$VirtualFilterChain.doFilter(FilterChainProxy.java:346) ~[spring-security-web-5.7.10.jar:5.7.10]
	at org.springframework.security.web.session.SessionManagementFilter.doFilter(SessionManagementFilter.java:126) ~[spring-security-web-5.7.10.jar:5.7.10]
	at org.springframework.security.web.session.SessionManagementFilter.doFilter(SessionManagementFilter.java:81) ~[spring-security-web-5.7.10.jar:5.7.10]
	at org.springframework.security.web.FilterChainProxy$VirtualFilterChain.doFilter(FilterChainProxy.java:346) ~[spring-security-web-5.7.10.jar:5.7.10]
	at org.springframework.security.web.authentication.AnonymousAuthenticationFilter.doFilter(AnonymousAuthenticationFilter.java:109) ~[spring-security-web-5.7.10.jar:5.7.10]
	at org.springframework.security.web.FilterChainProxy$VirtualFilterChain.doFilter(FilterChainProxy.java:346) ~[spring-security-web-5.7.10.jar:5.7.10]
	at org.springframework.security.web.servletapi.SecurityContextHolderAwareRequestFilter.doFilter(SecurityContextHolderAwareRequestFilter.java:149) ~[spring-security-web-5.7.10.jar:5.7.10]
	at org.springframework.security.web.FilterChainProxy$VirtualFilterChain.doFilter(FilterChainProxy.java:346) ~[spring-security-web-5.7.10.jar:5.7.10]
	at org.springframework.security.web.savedrequest.RequestCacheAwareFilter.doFilter(RequestCacheAwareFilter.java:63) ~[spring-security-web-5.7.10.jar:5.7.10]
	at org.springframework.security.web.FilterChainProxy$VirtualFilterChain.doFilter(FilterChainProxy.java:346) ~[spring-security-web-5.7.10.jar:5.7.10]
	at org.springframework.security.web.authentication.logout.LogoutFilter.doFilter(LogoutFilter.java:103) ~[spring-security-web-5.7.10.jar:5.7.10]
	at org.springframework.security.web.authentication.logout.LogoutFilter.doFilter(LogoutFilter.java:89) ~[spring-security-web-5.7.10.jar:5.7.10]
	at org.springframework.security.web.FilterChainProxy$VirtualFilterChain.doFilter(FilterChainProxy.java:346) ~[spring-security-web-5.7.10.jar:5.7.10]
	at org.springframework.web.filter.CorsFilter.doFilterInternal(CorsFilter.java:91) ~[spring-web-5.3.29.jar:5.3.29]
	at org.springframework.web.filter.OncePerRequestFilter.doFilter(OncePerRequestFilter.java:117) ~[spring-web-5.3.29.jar:5.3.29]
	at org.springframework.security.web.FilterChainProxy$VirtualFilterChain.doFilter(FilterChainProxy.java:346) ~[spring-security-web-5.7.10.jar:5.7.10]
	at org.springframework.security.web.header.HeaderWriterFilter.doHeadersAfter(HeaderWriterFilter.java:90) ~[spring-security-web-5.7.10.jar:5.7.10]
	at org.springframework.security.web.header.HeaderWriterFilter.doFilterInternal(HeaderWriterFilter.java:75) ~[spring-security-web-5.7.10.jar:5.7.10]
	at org.springframework.web.filter.OncePerRequestFilter.doFilter(OncePerRequestFilter.java:117) ~[spring-web-5.3.29.jar:5.3.29]
	at org.springframework.security.web.FilterChainProxy$VirtualFilterChain.doFilter(FilterChainProxy.java:346) ~[spring-security-web-5.7.10.jar:5.7.10]
	at org.springframework.security.web.context.SecurityContextPersistenceFilter.doFilter(SecurityContextPersistenceFilter.java:112) ~[spring-security-web-5.7.10.jar:5.7.10]
	at org.springframework.security.web.context.SecurityContextPersistenceFilter.doFilter(SecurityContextPersistenceFilter.java:82) ~[spring-security-web-5.7.10.jar:5.7.10]
	at org.springframework.security.web.FilterChainProxy$VirtualFilterChain.doFilter(FilterChainProxy.java:346) ~[spring-security-web-5.7.10.jar:5.7.10]
	at org.springframework.security.web.context.request.async.WebAsyncManagerIntegrationFilter.doFilterInternal(WebAsyncManagerIntegrationFilter.java:55) ~[spring-security-web-5.7.10.jar:5.7.10]
	at org.springframework.web.filter.OncePerRequestFilter.doFilter(OncePerRequestFilter.java:117) ~[spring-web-5.3.29.jar:5.3.29]
	at org.springframework.security.web.FilterChainProxy$VirtualFilterChain.doFilter(FilterChainProxy.java:346) ~[spring-security-web-5.7.10.jar:5.7.10]
	at org.springframework.security.web.session.DisableEncodeUrlFilter.doFilterInternal(DisableEncodeUrlFilter.java:42) ~[spring-security-web-5.7.10.jar:5.7.10]
	at org.springframework.web.filter.OncePerRequestFilter.doFilter(OncePerRequestFilter.java:117) ~[spring-web-5.3.29.jar:5.3.29]
	at org.springframework.security.web.FilterChainProxy$VirtualFilterChain.doFilter(FilterChainProxy.java:346) ~[spring-security-web-5.7.10.jar:5.7.10]
	at org.springframework.security.web.FilterChainProxy.doFilterInternal(FilterChainProxy.java:221) ~[spring-security-web-5.7.10.jar:5.7.10]
	at org.springframework.security.web.FilterChainProxy.doFilter(FilterChainProxy.java:186) ~[spring-security-web-5.7.10.jar:5.7.10]
	at org.springframework.web.filter.DelegatingFilterProxy.invokeDelegate(DelegatingFilterProxy.java:354) ~[spring-web-5.3.29.jar:5.3.29]
	at org.springframework.web.filter.DelegatingFilterProxy.doFilter(DelegatingFilterProxy.java:267) ~[spring-web-5.3.29.jar:5.3.29]
	at org.apache.catalina.core.ApplicationFilterChain.internalDoFilter(ApplicationFilterChain.java:178) ~[tomcat-embed-core-9.0.78.jar:9.0.78]
	at org.apache.catalina.core.ApplicationFilterChain.doFilter(ApplicationFilterChain.java:153) ~[tomcat-embed-core-9.0.78.jar:9.0.78]
	at org.springframework.web.filter.RequestContextFilter.doFilterInternal(RequestContextFilter.java:100) ~[spring-web-5.3.29.jar:5.3.29]
	at org.springframework.web.filter.OncePerRequestFilter.doFilter(OncePerRequestFilter.java:117) ~[spring-web-5.3.29.jar:5.3.29]
	at org.apache.catalina.core.ApplicationFilterChain.internalDoFilter(ApplicationFilterChain.java:178) ~[tomcat-embed-core-9.0.78.jar:9.0.78]
	at org.apache.catalina.core.ApplicationFilterChain.doFilter(ApplicationFilterChain.java:153) ~[tomcat-embed-core-9.0.78.jar:9.0.78]
	at org.springframework.web.filter.FormContentFilter.doFilterInternal(FormContentFilter.java:93) ~[spring-web-5.3.29.jar:5.3.29]
	at org.springframework.web.filter.OncePerRequestFilter.doFilter(OncePerRequestFilter.java:117) ~[spring-web-5.3.29.jar:5.3.29]
	at org.apache.catalina.core.ApplicationFilterChain.internalDoFilter(ApplicationFilterChain.java:178) ~[tomcat-embed-core-9.0.78.jar:9.0.78]
	at org.apache.catalina.core.ApplicationFilterChain.doFilter(ApplicationFilterChain.java:153) ~[tomcat-embed-core-9.0.78.jar:9.0.78]
	at org.springframework.web.filter.CharacterEncodingFilter.doFilterInternal(CharacterEncodingFilter.java:201) ~[spring-web-5.3.29.jar:5.3.29]
	at org.springframework.web.filter.OncePerRequestFilter.doFilter(OncePerRequestFilter.java:117) ~[spring-web-5.3.29.jar:5.3.29]
	at org.apache.catalina.core.ApplicationFilterChain.internalDoFilter(ApplicationFilterChain.java:178) ~[tomcat-embed-core-9.0.78.jar:9.0.78]
	at org.apache.catalina.core.ApplicationFilterChain.doFilter(ApplicationFilterChain.java:153) ~[tomcat-embed-core-9.0.78.jar:9.0.78]
	at org.apache.catalina.core.StandardWrapperValve.invoke(StandardWrapperValve.java:167) ~[tomcat-embed-core-9.0.78.jar:9.0.78]
	at org.apache.catalina.core.StandardContextValve.invoke(StandardContextValve.java:90) ~[tomcat-embed-core-9.0.78.jar:9.0.78]
	at org.apache.catalina.authenticator.AuthenticatorBase.invoke(AuthenticatorBase.java:481) ~[tomcat-embed-core-9.0.78.jar:9.0.78]
	at org.apache.catalina.core.StandardHostValve.invoke(StandardHostValve.java:130) ~[tomcat-embed-core-9.0.78.jar:9.0.78]
	at org.apache.catalina.valves.ErrorReportValve.invoke(ErrorReportValve.java:93) ~[tomcat-embed-core-9.0.78.jar:9.0.78]
	at org.apache.catalina.core.StandardEngineValve.invoke(StandardEngineValve.java:74) ~[tomcat-embed-core-9.0.78.jar:9.0.78]
	at org.apache.catalina.valves.RemoteIpValve.invoke(RemoteIpValve.java:768) ~[tomcat-embed-core-9.0.78.jar:9.0.78]
	at org.apache.catalina.connector.CoyoteAdapter.service(CoyoteAdapter.java:343) ~[tomcat-embed-core-9.0.78.jar:9.0.78]
	at org.apache.coyote.http11.Http11Processor.service(Http11Processor.java:390) ~[tomcat-embed-core-9.0.78.jar:9.0.78]
	at org.apache.coyote.AbstractProcessorLight.process(AbstractProcessorLight.java:63) ~[tomcat-embed-core-9.0.78.jar:9.0.78]
	at org.apache.coyote.AbstractProtocol$ConnectionHandler.process(AbstractProtocol.java:926) ~[tomcat-embed-core-9.0.78.jar:9.0.78]
	at org.apache.tomcat.util.net.NioEndpoint$SocketProcessor.doRun(NioEndpoint.java:1791) ~[tomcat-embed-core-9.0.78.jar:9.0.78]
	at org.apache.tomcat.util.net.SocketProcessorBase.run(SocketProcessorBase.java:52) ~[tomcat-embed-core-9.0.78.jar:9.0.78]
	at org.apache.tomcat.util.threads.ThreadPoolExecutor.runWorker(ThreadPoolExecutor.java:1191) ~[tomcat-embed-core-9.0.78.jar:9.0.78]
	at org.apache.tomcat.util.threads.ThreadPoolExecutor$Worker.run(ThreadPoolExecutor.java:659) ~[tomcat-embed-core-9.0.78.jar:9.0.78]
	at org.apache.tomcat.util.threads.TaskThread$WrappingRunnable.run(TaskThread.java:61) ~[tomcat-embed-core-9.0.78.jar:9.0.78]
	at java.base/java.lang.Thread.run(Thread.java:840) ~[na:na]

Hibernate: select tutor0_.id as id1_4_, tutor0_.experience as experien2_4_, tutor0_.name as name3_4_, tutor0_.phone_number as phone_nu4_4_, tutor0_.qualification as qualific5_4_, tutor0_.subject as subject6_4_ from tutor tutor0_
Hibernate: select tutor0_.id as id1_4_, tutor0_.experience as experien2_4_, tutor0_.name as name3_4_, tutor0_.phone_number as phone_nu4_4_, tutor0_.qualification as qualific5_4_, tutor0_.subject as subject6_4_ from tutor tutor0_
Hibernate: select tutor0_.id as id1_4_, tutor0_.experience as experien2_4_, tutor0_.name as name3_4_, tutor0_.phone_number as phone_nu4_4_, tutor0_.qualification as qualific5_4_, tutor0_.subject as subject6_4_ from tutor tutor0_
Hibernate: select user0_.id as id1_5_, user0_.created_at as created_2_5_, user0_.email as email3_5_, user0_.enabled as enabled4_5_, user0_.last_login as last_log5_5_, user0_.password as password6_5_, user0_.role as role7_5_, user0_.two_factor_enabled as two_fact8_5_, user0_.two_factor_secret as two_fact9_5_, user0_.username as usernam10_5_ from users user0_ where user0_.username=?
Hibernate: select applicatio0_.id as id1_0_, applicatio0_.review_date as review_d2_0_, applicatio0_.reviewer_id as reviewer6_0_, applicatio0_.reviewer_comments as reviewer3_0_, applicatio0_.status as status4_0_, applicatio0_.submission_date as submissi5_0_, applicatio0_.tutor_id as tutor_id7_0_, applicatio0_.user_id as user_id8_0_ from applications applicatio0_ where applicatio0_.user_id=?
Hibernate: select tutor0_.id as id1_4_0_, tutor0_.experience as experien2_4_0_, tutor0_.name as name3_4_0_, tutor0_.phone_number as phone_nu4_4_0_, tutor0_.qualification as qualific5_4_0_, tutor0_.subject as subject6_4_0_ from tutor tutor0_ where tutor0_.id=?
Hibernate: select tutor0_.id as id1_4_0_, tutor0_.experience as experien2_4_0_, tutor0_.name as name3_4_0_, tutor0_.phone_number as phone_nu4_4_0_, tutor0_.qualification as qualific5_4_0_, tutor0_.subject as subject6_4_0_ from tutor tutor0_ where tutor0_.id=?
Hibernate: select tutor0_.id as id1_4_0_, tutor0_.experience as experien2_4_0_, tutor0_.name as name3_4_0_, tutor0_.phone_number as phone_nu4_4_0_, tutor0_.qualification as qualific5_4_0_, tutor0_.subject as subject6_4_0_ from tutor tutor0_ where tutor0_.id=?
Hibernate: select tutor0_.id as id1_4_0_, tutor0_.experience as experien2_4_0_, tutor0_.name as name3_4_0_, tutor0_.phone_number as phone_nu4_4_0_, tutor0_.qualification as qualific5_4_0_, tutor0_.subject as subject6_4_0_ from tutor tutor0_ where tutor0_.id=?
Hibernate: select documents0_.application_id as applicat9_2_0_, documents0_.id as id1_2_0_, documents0_.id as id1_2_1_, documents0_.application_id as applicat9_2_1_, documents0_.document_type as document2_2_1_, documents0_.file_name as file_nam3_2_1_, documents0_.file_path as file_pat4_2_1_, documents0_.file_size as file_siz5_2_1_, documents0_.file_type as file_typ6_2_1_, documents0_.upload_date as upload_d7_2_1_, documents0_.verified as verified8_2_1_ from documents documents0_ where documents0_.application_id=?
Hibernate: select documents0_.application_id as applicat9_2_0_, documents0_.id as id1_2_0_, documents0_.id as id1_2_1_, documents0_.application_id as applicat9_2_1_, documents0_.document_type as document2_2_1_, documents0_.file_name as file_nam3_2_1_, documents0_.file_path as file_pat4_2_1_, documents0_.file_size as file_siz5_2_1_, documents0_.file_type as file_typ6_2_1_, documents0_.upload_date as upload_d7_2_1_, documents0_.verified as verified8_2_1_ from documents documents0_ where documents0_.application_id=?
Hibernate: select documents0_.application_id as applicat9_2_0_, documents0_.id as id1_2_0_, documents0_.id as id1_2_1_, documents0_.application_id as applicat9_2_1_, documents0_.document_type as document2_2_1_, documents0_.file_name as file_nam3_2_1_, documents0_.file_path as file_pat4_2_1_, documents0_.file_size as file_siz5_2_1_, documents0_.file_type as file_typ6_2_1_, documents0_.upload_date as upload_d7_2_1_, documents0_.verified as verified8_2_1_ from documents documents0_ where documents0_.application_id=?
Hibernate: select documents0_.application_id as applicat9_2_0_, documents0_.id as id1_2_0_, documents0_.id as id1_2_1_, documents0_.application_id as applicat9_2_1_, documents0_.document_type as document2_2_1_, documents0_.file_name as file_nam3_2_1_, documents0_.file_path as file_pat4_2_1_, documents0_.file_size as file_siz5_2_1_, documents0_.file_type as file_typ6_2_1_, documents0_.upload_date as upload_d7_2_1_, documents0_.verified as verified8_2_1_ from documents documents0_ where documents0_.application_id=?
Hibernate: select user0_.id as id1_5_, user0_.created_at as created_2_5_, user0_.email as email3_5_, user0_.enabled as enabled4_5_, user0_.last_login as last_log5_5_, user0_.password as password6_5_, user0_.role as role7_5_, user0_.two_factor_enabled as two_fact8_5_, user0_.two_factor_secret as two_fact9_5_, user0_.username as usernam10_5_ from users user0_ where user0_.username=?
Hibernate: select applicatio0_.id as id1_0_, applicatio0_.review_date as review_d2_0_, applicatio0_.reviewer_id as reviewer6_0_, applicatio0_.reviewer_comments as reviewer3_0_, applicatio0_.status as status4_0_, applicatio0_.submission_date as submissi5_0_, applicatio0_.tutor_id as tutor_id7_0_, applicatio0_.user_id as user_id8_0_ from applications applicatio0_ where applicatio0_.user_id=?
Hibernate: select tutor0_.id as id1_4_0_, tutor0_.experience as experien2_4_0_, tutor0_.name as name3_4_0_, tutor0_.phone_number as phone_nu4_4_0_, tutor0_.qualification as qualific5_4_0_, tutor0_.subject as subject6_4_0_ from tutor tutor0_ where tutor0_.id=?
Hibernate: select tutor0_.id as id1_4_0_, tutor0_.experience as experien2_4_0_, tutor0_.name as name3_4_0_, tutor0_.phone_number as phone_nu4_4_0_, tutor0_.qualification as qualific5_4_0_, tutor0_.subject as subject6_4_0_ from tutor tutor0_ where tutor0_.id=?
Hibernate: select tutor0_.id as id1_4_0_, tutor0_.experience as experien2_4_0_, tutor0_.name as name3_4_0_, tutor0_.phone_number as phone_nu4_4_0_, tutor0_.qualification as qualific5_4_0_, tutor0_.subject as subject6_4_0_ from tutor tutor0_ where tutor0_.id=?
Hibernate: select tutor0_.id as id1_4_0_, tutor0_.experience as experien2_4_0_, tutor0_.name as name3_4_0_, tutor0_.phone_number as phone_nu4_4_0_, tutor0_.qualification as qualific5_4_0_, tutor0_.subject as subject6_4_0_ from tutor tutor0_ where tutor0_.id=?
Hibernate: select documents0_.application_id as applicat9_2_0_, documents0_.id as id1_2_0_, documents0_.id as id1_2_1_, documents0_.application_id as applicat9_2_1_, documents0_.document_type as document2_2_1_, documents0_.file_name as file_nam3_2_1_, documents0_.file_path as file_pat4_2_1_, documents0_.file_size as file_siz5_2_1_, documents0_.file_type as file_typ6_2_1_, documents0_.upload_date as upload_d7_2_1_, documents0_.verified as verified8_2_1_ from documents documents0_ where documents0_.application_id=?
Hibernate: select documents0_.application_id as applicat9_2_0_, documents0_.id as id1_2_0_, documents0_.id as id1_2_1_, documents0_.application_id as applicat9_2_1_, documents0_.document_type as document2_2_1_, documents0_.file_name as file_nam3_2_1_, documents0_.file_path as file_pat4_2_1_, documents0_.file_size as file_siz5_2_1_, documents0_.file_type as file_typ6_2_1_, documents0_.upload_date as upload_d7_2_1_, documents0_.verified as verified8_2_1_ from documents documents0_ where documents0_.application_id=?
Hibernate: select documents0_.application_id as applicat9_2_0_, documents0_.id as id1_2_0_, documents0_.id as id1_2_1_, documents0_.application_id as applicat9_2_1_, documents0_.document_type as document2_2_1_, documents0_.file_name as file_nam3_2_1_, documents0_.file_path as file_pat4_2_1_, documents0_.file_size as file_siz5_2_1_, documents0_.file_type as file_typ6_2_1_, documents0_.upload_date as upload_d7_2_1_, documents0_.verified as verified8_2_1_ from documents documents0_ where documents0_.application_id=?
Hibernate: select documents0_.application_id as applicat9_2_0_, documents0_.id as id1_2_0_, documents0_.id as id1_2_1_, documents0_.application_id as applicat9_2_1_, documents0_.document_type as document2_2_1_, documents0_.file_name as file_nam3_2_1_, documents0_.file_path as file_pat4_2_1_, documents0_.file_size as file_siz5_2_1_, documents0_.file_type as file_typ6_2_1_, documents0_.upload_date as upload_d7_2_1_, documents0_.verified as verified8_2_1_ from documents documents0_ where documents0_.application_id=?
2025-09-02 07:38:09.510  INFO 23285 --- [   File Watcher] rtingClassPathChangeChangedEventListener : Restarting due to 40 class path changes (0 additions, 0 deletions, 40 modifications)
2025-09-02 07:38:09.512  INFO 23285 --- [      Thread-11] o.apache.catalina.core.StandardService   : Stopping service [Tomcat]
2025-09-02 07:38:09.512  INFO 23285 --- [      Thread-11] o.a.c.c.C.[Tomcat].[localhost].[/]       : Destroying Spring FrameworkServlet 'dispatcherServlet'
2025-09-02 07:38:09.515  INFO 23285 --- [      Thread-11] j.LocalContainerEntityManagerFactoryBean : Closing JPA EntityManagerFactory for persistence unit 'default'
2025-09-02 07:38:09.516  INFO 23285 --- [      Thread-11] com.zaxxer.hikari.HikariDataSource       : HikariPool-3 - Shutdown initiated...
2025-09-02 07:38:09.517  INFO 23285 --- [      Thread-11] com.zaxxer.hikari.HikariDataSource       : HikariPool-3 - Shutdown completed.

  .   ____          _            __ _ _
 /\\ / ___'_ __ _ _(_)_ __  __ _ \ \ \ \
( ( )\___ | '_ | '_| | '_ \/ _` | \ \ \ \
 \\/  ___)| |_)| | | | | || (_| |  ) ) ) )
  '  |____| .__|_| |_|_| |_\__, | / / / /
 =========|_|==============|___/=/_/_/_/
 :: Spring Boot ::               (v2.7.14)

2025-09-02 07:38:09.604  INFO 23285 --- [  restartedMain] c.examly.springapp.SpringappApplication  : Starting SpringappApplication using Java 17.0.15 on ceaababafbaaefdcabcfbebcacaffdeccdfdba-0 with PID 23285 (/home/coder/project/workspace/springapp/target/classes started by coder in /home/coder/project/workspace/springapp)
2025-09-02 07:38:09.604  INFO 23285 --- [  restartedMain] c.examly.springapp.SpringappApplication  : No active profile set, falling back to 1 default profile: "default"
2025-09-02 07:38:09.724  INFO 23285 --- [  restartedMain] .s.d.r.c.RepositoryConfigurationDelegate : Bootstrapping Spring Data JPA repositories in DEFAULT mode.
2025-09-02 07:38:09.732  INFO 23285 --- [  restartedMain] .s.d.r.c.RepositoryConfigurationDelegate : Finished Spring Data repository scanning in 7 ms. Found 4 JPA repository interfaces.
2025-09-02 07:38:09.884  INFO 23285 --- [  restartedMain] o.s.b.w.embedded.tomcat.TomcatWebServer  : Tomcat initialized with port(s): 8080 (http)
2025-09-02 07:38:09.885  INFO 23285 --- [  restartedMain] o.apache.catalina.core.StandardService   : Starting service [Tomcat]
2025-09-02 07:38:09.885  INFO 23285 --- [  restartedMain] org.apache.catalina.core.StandardEngine  : Starting Servlet engine: [Apache Tomcat/9.0.78]
2025-09-02 07:38:09.892  INFO 23285 --- [  restartedMain] o.a.c.c.C.[Tomcat].[localhost].[/]       : Initializing Spring embedded WebApplicationContext
2025-09-02 07:38:09.892  INFO 23285 --- [  restartedMain] w.s.c.ServletWebServerApplicationContext : Root WebApplicationContext: initialization completed in 287 ms
2025-09-02 07:38:09.912  INFO 23285 --- [  restartedMain] com.zaxxer.hikari.HikariDataSource       : HikariPool-4 - Starting...
2025-09-02 07:38:09.915  INFO 23285 --- [  restartedMain] com.zaxxer.hikari.HikariDataSource       : HikariPool-4 - Start completed.
2025-09-02 07:38:09.915  INFO 23285 --- [  restartedMain] o.s.b.a.h2.H2ConsoleAutoConfiguration    : H2 console available at '/h2-console'. Database available at 'jdbc:mysql://localhost:3306/appdb?createDatabaseIfNotExist=true'
2025-09-02 07:38:09.942  INFO 23285 --- [  restartedMain] o.hibernate.jpa.internal.util.LogHelper  : HHH000204: Processing PersistenceUnitInfo [name: default]
2025-09-02 07:38:09.944  INFO 23285 --- [  restartedMain] org.hibernate.dialect.Dialect            : HHH000400: Using dialect: org.hibernate.dialect.MySQL8Dialect
Hibernate: create table notifications (id bigint not null auto_increment, channel varchar(255), created_at datetime(6), message varchar(1000), read bit not null, sent bit not null, sent_at datetime(6), title varchar(255) not null, type varchar(255), user_id bigint, primary key (id)) engine=InnoDB
2025-09-02 07:38:10.088  WARN 23285 --- [  restartedMain] o.h.t.s.i.ExceptionHandlerLoggedImpl     : GenerationTarget encountered exception accepting command : Error executing DDL "create table notifications (id bigint not null auto_increment, channel varchar(255), created_at datetime(6), message varchar(1000), read bit not null, sent bit not null, sent_at datetime(6), title varchar(255) not null, type varchar(255), user_id bigint, primary key (id)) engine=InnoDB" via JDBC Statement

org.hibernate.tool.schema.spi.CommandAcceptanceException: Error executing DDL "create table notifications (id bigint not null auto_increment, channel varchar(255), created_at datetime(6), message varchar(1000), read bit not null, sent bit not null, sent_at datetime(6), title varchar(255) not null, type varchar(255), user_id bigint, primary key (id)) engine=InnoDB" via JDBC Statement
	at org.hibernate.tool.schema.internal.exec.GenerationTargetToDatabase.accept(GenerationTargetToDatabase.java:67) ~[hibernate-core-5.6.15.Final.jar:5.6.15.Final]
	at org.hibernate.tool.schema.internal.AbstractSchemaMigrator.applySqlString(AbstractSchemaMigrator.java:581) ~[hibernate-core-5.6.15.Final.jar:5.6.15.Final]
	at org.hibernate.tool.schema.internal.AbstractSchemaMigrator.applySqlStrings(AbstractSchemaMigrator.java:526) ~[hibernate-core-5.6.15.Final.jar:5.6.15.Final]
	at org.hibernate.tool.schema.internal.AbstractSchemaMigrator.createTable(AbstractSchemaMigrator.java:293) ~[hibernate-core-5.6.15.Final.jar:5.6.15.Final]
	at org.hibernate.tool.schema.internal.GroupedSchemaMigratorImpl.performTablesMigration(GroupedSchemaMigratorImpl.java:74) ~[hibernate-core-5.6.15.Final.jar:5.6.15.Final]
	at org.hibernate.tool.schema.internal.AbstractSchemaMigrator.performMigration(AbstractSchemaMigrator.java:220) ~[hibernate-core-5.6.15.Final.jar:5.6.15.Final]
	at org.hibernate.tool.schema.internal.AbstractSchemaMigrator.doMigration(AbstractSchemaMigrator.java:123) ~[hibernate-core-5.6.15.Final.jar:5.6.15.Final]
	at org.hibernate.tool.schema.spi.SchemaManagementToolCoordinator.performDatabaseAction(SchemaManagementToolCoordinator.java:196) ~[hibernate-core-5.6.15.Final.jar:5.6.15.Final]
	at org.hibernate.tool.schema.spi.SchemaManagementToolCoordinator.process(SchemaManagementToolCoordinator.java:85) ~[hibernate-core-5.6.15.Final.jar:5.6.15.Final]
	at org.hibernate.internal.SessionFactoryImpl.<init>(SessionFactoryImpl.java:335) ~[hibernate-core-5.6.15.Final.jar:5.6.15.Final]
	at org.hibernate.boot.internal.SessionFactoryBuilderImpl.build(SessionFactoryBuilderImpl.java:471) ~[hibernate-core-5.6.15.Final.jar:5.6.15.Final]
	at org.hibernate.jpa.boot.internal.EntityManagerFactoryBuilderImpl.build(EntityManagerFactoryBuilderImpl.java:1498) ~[hibernate-core-5.6.15.Final.jar:5.6.15.Final]
	at org.springframework.orm.jpa.vendor.SpringHibernateJpaPersistenceProvider.createContainerEntityManagerFactory(SpringHibernateJpaPersistenceProvider.java:58) ~[spring-orm-5.3.29.jar:5.3.29]
	at org.springframework.orm.jpa.LocalContainerEntityManagerFactoryBean.createNativeEntityManagerFactory(LocalContainerEntityManagerFactoryBean.java:365) ~[spring-orm-5.3.29.jar:5.3.29]
	at org.springframework.orm.jpa.AbstractEntityManagerFactoryBean.buildNativeEntityManagerFactory(AbstractEntityManagerFactoryBean.java:409) ~[spring-orm-5.3.29.jar:5.3.29]
	at org.springframework.orm.jpa.AbstractEntityManagerFactoryBean.afterPropertiesSet(AbstractEntityManagerFactoryBean.java:396) ~[spring-orm-5.3.29.jar:5.3.29]
	at org.springframework.orm.jpa.LocalContainerEntityManagerFactoryBean.afterPropertiesSet(LocalContainerEntityManagerFactoryBean.java:341) ~[spring-orm-5.3.29.jar:5.3.29]
	at org.springframework.beans.factory.support.AbstractAutowireCapableBeanFactory.invokeInitMethods(AbstractAutowireCapableBeanFactory.java:1863) ~[spring-beans-5.3.29.jar:5.3.29]
	at org.springframework.beans.factory.support.AbstractAutowireCapableBeanFactory.initializeBean(AbstractAutowireCapableBeanFactory.java:1800) ~[spring-beans-5.3.29.jar:5.3.29]
	at org.springframework.beans.factory.support.AbstractAutowireCapableBeanFactory.doCreateBean(AbstractAutowireCapableBeanFactory.java:620) ~[spring-beans-5.3.29.jar:5.3.29]
	at org.springframework.beans.factory.support.AbstractAutowireCapableBeanFactory.createBean(AbstractAutowireCapableBeanFactory.java:542) ~[spring-beans-5.3.29.jar:5.3.29]
	at org.springframework.beans.factory.support.AbstractBeanFactory.lambda$doGetBean$0(AbstractBeanFactory.java:335) ~[spring-beans-5.3.29.jar:5.3.29]
	at org.springframework.beans.factory.support.DefaultSingletonBeanRegistry.getSingleton(DefaultSingletonBeanRegistry.java:234) ~[spring-beans-5.3.29.jar:5.3.29]
	at org.springframework.beans.factory.support.AbstractBeanFactory.doGetBean(AbstractBeanFactory.java:333) ~[spring-beans-5.3.29.jar:5.3.29]
	at org.springframework.beans.factory.support.AbstractBeanFactory.getBean(AbstractBeanFactory.java:208) ~[spring-beans-5.3.29.jar:5.3.29]
	at org.springframework.context.support.AbstractApplicationContext.getBean(AbstractApplicationContext.java:1157) ~[spring-context-5.3.29.jar:5.3.29]
	at org.springframework.context.support.AbstractApplicationContext.finishBeanFactoryInitialization(AbstractApplicationContext.java:911) ~[spring-context-5.3.29.jar:5.3.29]
	at org.springframework.context.support.AbstractApplicationContext.refresh(AbstractApplicationContext.java:583) ~[spring-context-5.3.29.jar:5.3.29]
	at org.springframework.boot.web.servlet.context.ServletWebServerApplicationContext.refresh(ServletWebServerApplicationContext.java:147) ~[spring-boot-2.7.14.jar:2.7.14]
	at org.springframework.boot.SpringApplication.refresh(SpringApplication.java:731) ~[spring-boot-2.7.14.jar:2.7.14]
	at org.springframework.boot.SpringApplication.refreshContext(SpringApplication.java:408) ~[spring-boot-2.7.14.jar:2.7.14]
	at org.springframework.boot.SpringApplication.run(SpringApplication.java:307) ~[spring-boot-2.7.14.jar:2.7.14]
	at org.springframework.boot.SpringApplication.run(SpringApplication.java:1303) ~[spring-boot-2.7.14.jar:2.7.14]
	at org.springframework.boot.SpringApplication.run(SpringApplication.java:1292) ~[spring-boot-2.7.14.jar:2.7.14]
	at com.examly.springapp.SpringappApplication.main(SpringappApplication.java:9) ~[classes/:na]
	at java.base/jdk.internal.reflect.NativeMethodAccessorImpl.invoke0(Native Method) ~[na:na]
	at java.base/jdk.internal.reflect.NativeMethodAccessorImpl.invoke(NativeMethodAccessorImpl.java:77) ~[na:na]
	at java.base/jdk.internal.reflect.DelegatingMethodAccessorImpl.invoke(DelegatingMethodAccessorImpl.java:43) ~[na:na]
	at java.base/java.lang.reflect.Method.invoke(Method.java:569) ~[na:na]
	at org.springframework.boot.devtools.restart.RestartLauncher.run(RestartLauncher.java:50) ~[spring-boot-devtools-2.7.14.jar:2.7.14]
Caused by: java.sql.SQLSyntaxErrorException: You have an error in your SQL syntax; check the manual that corresponds to your MySQL server version for the right syntax to use near 'read bit not null, sent bit not null, sent_at datetime(6), title varchar(255) no' at line 1
	at com.mysql.cj.jdbc.exceptions.SQLError.createSQLException(SQLError.java:120) ~[mysql-connector-j-8.0.32.jar:8.0.32]
	at com.mysql.cj.jdbc.exceptions.SQLExceptionsMapping.translateException(SQLExceptionsMapping.java:122) ~[mysql-connector-j-8.0.32.jar:8.0.32]
	at com.mysql.cj.jdbc.StatementImpl.executeInternal(StatementImpl.java:763) ~[mysql-connector-j-8.0.32.jar:8.0.32]
	at com.mysql.cj.jdbc.StatementImpl.execute(StatementImpl.java:648) ~[mysql-connector-j-8.0.32.jar:8.0.32]
	at com.zaxxer.hikari.pool.ProxyStatement.execute(ProxyStatement.java:94) ~[HikariCP-4.0.3.jar:na]
	at com.zaxxer.hikari.pool.HikariProxyStatement.execute(HikariProxyStatement.java) ~[HikariCP-4.0.3.jar:na]
	at org.hibernate.tool.schema.internal.exec.GenerationTargetToDatabase.accept(GenerationTargetToDatabase.java:54) ~[hibernate-core-5.6.15.Final.jar:5.6.15.Final]
	... 39 common frames omitted

Hibernate: alter table notifications add constraint FK9y21adhxn0ayjhfocscqox7bh foreign key (user_id) references users (id)
2025-09-02 07:38:10.095  WARN 23285 --- [  restartedMain] o.h.t.s.i.ExceptionHandlerLoggedImpl     : GenerationTarget encountered exception accepting command : Error executing DDL "alter table notifications add constraint FK9y21adhxn0ayjhfocscqox7bh foreign key (user_id) references users (id)" via JDBC Statement

org.hibernate.tool.schema.spi.CommandAcceptanceException: Error executing DDL "alter table notifications add constraint FK9y21adhxn0ayjhfocscqox7bh foreign key (user_id) references users (id)" via JDBC Statement
	at org.hibernate.tool.schema.internal.exec.GenerationTargetToDatabase.accept(GenerationTargetToDatabase.java:67) ~[hibernate-core-5.6.15.Final.jar:5.6.15.Final]
	at org.hibernate.tool.schema.internal.AbstractSchemaMigrator.applySqlString(AbstractSchemaMigrator.java:581) ~[hibernate-core-5.6.15.Final.jar:5.6.15.Final]
	at org.hibernate.tool.schema.internal.AbstractSchemaMigrator.applySqlStrings(AbstractSchemaMigrator.java:526) ~[hibernate-core-5.6.15.Final.jar:5.6.15.Final]
	at org.hibernate.tool.schema.internal.AbstractSchemaMigrator.applyForeignKeys(AbstractSchemaMigrator.java:452) ~[hibernate-core-5.6.15.Final.jar:5.6.15.Final]
	at org.hibernate.tool.schema.internal.AbstractSchemaMigrator.performMigration(AbstractSchemaMigrator.java:263) ~[hibernate-core-5.6.15.Final.jar:5.6.15.Final]
	at org.hibernate.tool.schema.internal.AbstractSchemaMigrator.doMigration(AbstractSchemaMigrator.java:123) ~[hibernate-core-5.6.15.Final.jar:5.6.15.Final]
	at org.hibernate.tool.schema.spi.SchemaManagementToolCoordinator.performDatabaseAction(SchemaManagementToolCoordinator.java:196) ~[hibernate-core-5.6.15.Final.jar:5.6.15.Final]
	at org.hibernate.tool.schema.spi.SchemaManagementToolCoordinator.process(SchemaManagementToolCoordinator.java:85) ~[hibernate-core-5.6.15.Final.jar:5.6.15.Final]
	at org.hibernate.internal.SessionFactoryImpl.<init>(SessionFactoryImpl.java:335) ~[hibernate-core-5.6.15.Final.jar:5.6.15.Final]
	at org.hibernate.boot.internal.SessionFactoryBuilderImpl.build(SessionFactoryBuilderImpl.java:471) ~[hibernate-core-5.6.15.Final.jar:5.6.15.Final]
	at org.hibernate.jpa.boot.internal.EntityManagerFactoryBuilderImpl.build(EntityManagerFactoryBuilderImpl.java:1498) ~[hibernate-core-5.6.15.Final.jar:5.6.15.Final]
	at org.springframework.orm.jpa.vendor.SpringHibernateJpaPersistenceProvider.createContainerEntityManagerFactory(SpringHibernateJpaPersistenceProvider.java:58) ~[spring-orm-5.3.29.jar:5.3.29]
	at org.springframework.orm.jpa.LocalContainerEntityManagerFactoryBean.createNativeEntityManagerFactory(LocalContainerEntityManagerFactoryBean.java:365) ~[spring-orm-5.3.29.jar:5.3.29]
	at org.springframework.orm.jpa.AbstractEntityManagerFactoryBean.buildNativeEntityManagerFactory(AbstractEntityManagerFactoryBean.java:409) ~[spring-orm-5.3.29.jar:5.3.29]
	at org.springframework.orm.jpa.AbstractEntityManagerFactoryBean.afterPropertiesSet(AbstractEntityManagerFactoryBean.java:396) ~[spring-orm-5.3.29.jar:5.3.29]
	at org.springframework.orm.jpa.LocalContainerEntityManagerFactoryBean.afterPropertiesSet(LocalContainerEntityManagerFactoryBean.java:341) ~[spring-orm-5.3.29.jar:5.3.29]
	at org.springframework.beans.factory.support.AbstractAutowireCapableBeanFactory.invokeInitMethods(AbstractAutowireCapableBeanFactory.java:1863) ~[spring-beans-5.3.29.jar:5.3.29]
	at org.springframework.beans.factory.support.AbstractAutowireCapableBeanFactory.initializeBean(AbstractAutowireCapableBeanFactory.java:1800) ~[spring-beans-5.3.29.jar:5.3.29]
	at org.springframework.beans.factory.support.AbstractAutowireCapableBeanFactory.doCreateBean(AbstractAutowireCapableBeanFactory.java:620) ~[spring-beans-5.3.29.jar:5.3.29]
	at org.springframework.beans.factory.support.AbstractAutowireCapableBeanFactory.createBean(AbstractAutowireCapableBeanFactory.java:542) ~[spring-beans-5.3.29.jar:5.3.29]
	at org.springframework.beans.factory.support.AbstractBeanFactory.lambda$doGetBean$0(AbstractBeanFactory.java:335) ~[spring-beans-5.3.29.jar:5.3.29]
	at org.springframework.beans.factory.support.DefaultSingletonBeanRegistry.getSingleton(DefaultSingletonBeanRegistry.java:234) ~[spring-beans-5.3.29.jar:5.3.29]
	at org.springframework.beans.factory.support.AbstractBeanFactory.doGetBean(AbstractBeanFactory.java:333) ~[spring-beans-5.3.29.jar:5.3.29]
	at org.springframework.beans.factory.support.AbstractBeanFactory.getBean(AbstractBeanFactory.java:208) ~[spring-beans-5.3.29.jar:5.3.29]
	at org.springframework.context.support.AbstractApplicationContext.getBean(AbstractApplicationContext.java:1157) ~[spring-context-5.3.29.jar:5.3.29]
	at org.springframework.context.support.AbstractApplicationContext.finishBeanFactoryInitialization(AbstractApplicationContext.java:911) ~[spring-context-5.3.29.jar:5.3.29]
	at org.springframework.context.support.AbstractApplicationContext.refresh(AbstractApplicationContext.java:583) ~[spring-context-5.3.29.jar:5.3.29]
	at org.springframework.boot.web.servlet.context.ServletWebServerApplicationContext.refresh(ServletWebServerApplicationContext.java:147) ~[spring-boot-2.7.14.jar:2.7.14]
	at org.springframework.boot.SpringApplication.refresh(SpringApplication.java:731) ~[spring-boot-2.7.14.jar:2.7.14]
	at org.springframework.boot.SpringApplication.refreshContext(SpringApplication.java:408) ~[spring-boot-2.7.14.jar:2.7.14]
	at org.springframework.boot.SpringApplication.run(SpringApplication.java:307) ~[spring-boot-2.7.14.jar:2.7.14]
	at org.springframework.boot.SpringApplication.run(SpringApplication.java:1303) ~[spring-boot-2.7.14.jar:2.7.14]
	at org.springframework.boot.SpringApplication.run(SpringApplication.java:1292) ~[spring-boot-2.7.14.jar:2.7.14]
	at com.examly.springapp.SpringappApplication.main(SpringappApplication.java:9) ~[classes/:na]
	at java.base/jdk.internal.reflect.NativeMethodAccessorImpl.invoke0(Native Method) ~[na:na]
	at java.base/jdk.internal.reflect.NativeMethodAccessorImpl.invoke(NativeMethodAccessorImpl.java:77) ~[na:na]
	at java.base/jdk.internal.reflect.DelegatingMethodAccessorImpl.invoke(DelegatingMethodAccessorImpl.java:43) ~[na:na]
	at java.base/java.lang.reflect.Method.invoke(Method.java:569) ~[na:na]
	at org.springframework.boot.devtools.restart.RestartLauncher.run(RestartLauncher.java:50) ~[spring-boot-devtools-2.7.14.jar:2.7.14]
Caused by: java.sql.SQLSyntaxErrorException: Table 'appdb.notifications' doesn't exist
	at com.mysql.cj.jdbc.exceptions.SQLError.createSQLException(SQLError.java:120) ~[mysql-connector-j-8.0.32.jar:8.0.32]
	at com.mysql.cj.jdbc.exceptions.SQLExceptionsMapping.translateException(SQLExceptionsMapping.java:122) ~[mysql-connector-j-8.0.32.jar:8.0.32]
	at com.mysql.cj.jdbc.StatementImpl.executeInternal(StatementImpl.java:763) ~[mysql-connector-j-8.0.32.jar:8.0.32]
	at com.mysql.cj.jdbc.StatementImpl.execute(StatementImpl.java:648) ~[mysql-connector-j-8.0.32.jar:8.0.32]
	at com.zaxxer.hikari.pool.ProxyStatement.execute(ProxyStatement.java:94) ~[HikariCP-4.0.3.jar:na]
	at com.zaxxer.hikari.pool.HikariProxyStatement.execute(HikariProxyStatement.java) ~[HikariCP-4.0.3.jar:na]
	at org.hibernate.tool.schema.internal.exec.GenerationTargetToDatabase.accept(GenerationTargetToDatabase.java:54) ~[hibernate-core-5.6.15.Final.jar:5.6.15.Final]
	... 38 common frames omitted

2025-09-02 07:38:10.095  INFO 23285 --- [  restartedMain] o.h.e.t.j.p.i.JtaPlatformInitiator       : HHH000490: Using JtaPlatform implementation: [org.hibernate.engine.transaction.jta.platform.internal.NoJtaPlatform]
2025-09-02 07:38:10.095  INFO 23285 --- [  restartedMain] j.LocalContainerEntityManagerFactoryBean : Initialized JPA EntityManagerFactory for persistence unit 'default'
2025-09-02 07:38:10.392  WARN 23285 --- [  restartedMain] JpaBaseConfiguration$JpaWebConfiguration : spring.jpa.open-in-view is enabled by default. Therefore, database queries may be performed during view rendering. Explicitly configure spring.jpa.open-in-view to disable this warning
2025-09-02 07:38:10.407  WARN 23285 --- [  restartedMain] .s.s.UserDetailsServiceAutoConfiguration : 

Using generated security password: 33faf4e9-d2e5-4e27-8528-2f2b095fe9d1

This generated password is for development use only. Your security configuration must be updated before running your application in production.

2025-09-02 07:38:10.498  INFO 23285 --- [  restartedMain] o.s.s.web.DefaultSecurityFilterChain     : Will secure any request with [org.springframework.security.web.session.DisableEncodeUrlFilter@28b03553, org.springframework.security.web.context.request.async.WebAsyncManagerIntegrationFilter@30116865, org.springframework.security.web.context.SecurityContextPersistenceFilter@66cd177, org.springframework.security.web.header.HeaderWriterFilter@7e7690d0, org.springframework.web.filter.CorsFilter@53887cf8, org.springframework.security.web.authentication.logout.LogoutFilter@76e9a01d, org.springframework.security.web.savedrequest.RequestCacheAwareFilter@77b5bd6f, org.springframework.security.web.servletapi.SecurityContextHolderAwareRequestFilter@3d8f4359, org.springframework.security.web.authentication.AnonymousAuthenticationFilter@4c60e9a7, org.springframework.security.web.session.SessionManagementFilter@7f5a8214, org.springframework.security.web.access.ExceptionTranslationFilter@3748dc01, org.springframework.security.web.access.intercept.FilterSecurityInterceptor@46162038]
2025-09-02 07:38:10.581  INFO 23285 --- [  restartedMain] o.s.b.d.a.OptionalLiveReloadServer       : LiveReload server is running on port 35729
2025-09-02 07:38:10.587  INFO 23285 --- [  restartedMain] o.s.b.w.embedded.tomcat.TomcatWebServer  : Tomcat started on port(s): 8080 (http) with context path ''
2025-09-02 07:38:10.590  INFO 23285 --- [  restartedMain] c.examly.springapp.SpringappApplication  : Started SpringappApplication in 1.001 seconds (JVM running for 294.437)
2025-09-02 07:38:10.591  INFO 23285 --- [  restartedMain] .ConditionEvaluationDeltaLoggingListener : Condition evaluation unchanged
2025-09-02 08:00:03.702  INFO 23285 --- [ionShutdownHook] j.LocalContainerEntityManagerFactoryBean : Closing JPA EntityManagerFactory for persistence unit 'default'
2025-09-02 08:00:03.702  INFO 23285 --- [ionShutdownHook] com.zaxxer.hikari.HikariDataSource       : HikariPool-4 - Shutdown initiated...
2025-09-02 08:00:03.704  INFO 23285 --- [ionShutdownHook] com.zaxxer.hikari.HikariDataSource       : HikariPool-4 - Shutdown completed.
